-- phpMyAdmin SQL Dump
-- version 5.0.2
-- https://www.phpmyadmin.net/
--
-- Máy chủ: 127.0.0.1
-- Thời gian đã tạo: Th1 20, 2021 lúc 02:46 PM
-- Phiên bản máy phục vụ: 10.4.13-MariaDB
-- Phiên bản PHP: 7.2.32

SET SQL_MODE = "NO_AUTO_VALUE_ON_ZERO";
START TRANSACTION;
SET time_zone = "+00:00";


/*!40101 SET @OLD_CHARACTER_SET_CLIENT=@@CHARACTER_SET_CLIENT */;
/*!40101 SET @OLD_CHARACTER_SET_RESULTS=@@CHARACTER_SET_RESULTS */;
/*!40101 SET @OLD_COLLATION_CONNECTION=@@COLLATION_CONNECTION */;
/*!40101 SET NAMES utf8mb4 */;

--
-- Cơ sở dữ liệu: `car_management`
--

-- --------------------------------------------------------

--
-- Cấu trúc bảng cho bảng `account`
--

CREATE TABLE `account` (
  `id` bigint(20) NOT NULL,
  `active` tinyint(1) DEFAULT 1,
  `created_at` datetime DEFAULT current_timestamp(),
  `description` varchar(255) DEFAULT NULL,
  `updated_at` datetime DEFAULT current_timestamp(),
  `password` varchar(255) DEFAULT NULL,
  `permissions` varchar(255) DEFAULT NULL,
  `roles` varchar(255) DEFAULT NULL,
  `user_info_id` int(11) DEFAULT NULL,
  `username` varchar(255) DEFAULT NULL
) ENGINE=MyISAM DEFAULT CHARSET=utf8mb4;

--
-- Đang đổ dữ liệu cho bảng `account`
--

INSERT INTO `account` (`id`, `active`, `created_at`, `description`, `updated_at`, `password`, `permissions`, `roles`, `user_info_id`, `username`) VALUES
(1, 1, '2021-01-17 21:42:32', NULL, '2021-01-17 21:42:32', 'admin', 'READ,WRITE,UPDATE,DELETE', 'ADMIN, MANAGER', 10, 'admin'),
(2, 1, '2021-01-17 21:42:32', NULL, '2021-01-17 21:42:32', 'm123123', 'READ,WRITE,UPDATE,DELETE', 'MANAGER', 5, 'manager1'),
(3, 1, '2021-01-17 21:42:32', NULL, '2021-01-17 21:42:32', 'm123123', 'READ,WRITE,UPDATE,DELETE', 'MANAGER', 4, 'manager2'),
(4, 1, '2021-01-17 21:42:32', NULL, '2021-01-17 21:42:32', 's123123', 'READ,UPDATE', 'STAFF', 12, 'staff1'),
(5, 1, '2021-01-17 21:43:30', NULL, '2021-01-17 21:43:30', 's123123', 'READ,UPDATE', 'STAFF', 13, 'staff2');

-- --------------------------------------------------------

--
-- Cấu trúc bảng cho bảng `bill`
--

CREATE TABLE `bill` (
  `id` bigint(20) NOT NULL,
  `active` tinyint(1) DEFAULT 1,
  `created_at` datetime DEFAULT current_timestamp(),
  `description` varchar(255) DEFAULT NULL,
  `updated_at` datetime DEFAULT current_timestamp(),
  `customer_id` bigint(20) DEFAULT NULL,
  `staff_id` bigint(20) DEFAULT NULL,
  `total` double DEFAULT NULL
) ENGINE=MyISAM DEFAULT CHARSET=utf8mb4;

--
-- Đang đổ dữ liệu cho bảng `bill`
--

INSERT INTO `bill` (`id`, `active`, `created_at`, `description`, `updated_at`, `customer_id`, `staff_id`, `total`) VALUES
(1, 1, '2021-01-20 04:22:32', NULL, '2021-01-20 04:22:32', 7, 5, 300725),
(2, 1, '2021-01-20 04:22:32', NULL, '2021-01-20 04:22:32', 7, 5, 59070),
(3, 1, '2021-01-20 04:22:32', NULL, '2021-01-20 04:22:32', 6, 10, 51370),
(4, 1, '2021-01-20 04:22:32', NULL, '2021-01-20 04:22:32', 15, 4, 45120),
(5, 1, '2021-01-20 04:22:32', NULL, '2021-01-20 04:22:32', 15, 13, 181275),
(6, 1, '2021-01-20 04:22:32', NULL, '2021-01-20 04:22:32', 15, 4, 111375),
(7, 1, '2021-01-20 04:22:32', NULL, '2021-01-20 04:22:32', 9, 4, 84935),
(8, 1, '2021-01-20 04:22:32', NULL, '2021-01-20 04:22:32', 15, 13, 230000),
(9, 1, '2021-01-20 04:22:32', NULL, '2021-01-20 04:22:32', 9, 10, 24250),
(10, 1, '2021-01-20 04:22:32', NULL, '2021-01-20 04:22:32', 14, 5, 300250),
(11, 1, '2021-01-20 04:22:32', NULL, '2021-01-20 04:22:32', 1, 5, 23750),
(12, 1, '2021-01-20 04:22:32', NULL, '2021-01-20 04:22:32', 15, 4, 15035),
(13, 1, '2021-01-20 04:22:32', NULL, '2021-01-20 04:22:32', 6, 13, 128650),
(14, 1, '2021-01-20 04:22:32', NULL, '2021-01-20 04:22:32', 11, 12, 234500),
(15, 1, '2021-01-20 04:22:32', NULL, '2021-01-20 04:22:32', 9, 4, 235000),
(16, 1, '2021-01-20 04:22:32', NULL, '2021-01-20 04:22:32', 14, 13, 181275),
(17, 1, '2021-01-20 04:22:32', NULL, '2021-01-20 04:22:32', 15, 5, 66750),
(18, 1, '2021-01-20 04:22:32', NULL, '2021-01-20 04:22:32', 8, 10, 16350),
(19, 1, '2021-01-20 04:22:32', NULL, '2021-01-20 04:22:32', 2, 4, 64630),
(20, 1, '2021-01-20 04:22:32', NULL, '2021-01-20 04:22:32', 3, 5, 24250),
(21, 1, '2021-01-20 04:22:32', NULL, '2021-01-20 04:22:32', 6, 12, 23750),
(22, 1, '2021-01-20 04:22:32', NULL, '2021-01-20 04:22:32', 7, 5, 44750),
(23, 1, '2021-01-20 04:22:32', NULL, '2021-01-20 04:22:32', 14, 4, 181275),
(24, 1, '2021-01-20 04:22:32', NULL, '2021-01-20 04:22:32', 11, 10, 45120),
(25, 1, '2021-01-20 04:22:32', NULL, '2021-01-20 04:22:32', 7, 5, 220000),
(26, 1, '2021-01-20 04:22:32', NULL, '2021-01-20 04:22:32', 15, 10, 300250),
(27, 1, '2021-01-20 04:22:32', NULL, '2021-01-20 04:22:32', 9, 12, 14950),
(28, 1, '2021-01-20 04:22:32', NULL, '2021-01-20 04:22:32', 11, 5, 230000),
(29, 1, '2021-01-20 04:22:32', NULL, '2021-01-20 04:22:32', 11, 5, 64375),
(30, 1, '2021-01-20 04:22:32', NULL, '2021-01-20 04:22:32', 15, 12, 128650),
(31, 1, '2021-01-20 04:22:32', NULL, '2021-01-20 04:22:32', 9, 10, 300250),
(32, 1, '2021-01-20 04:22:32', NULL, '2021-01-20 04:22:32', 11, 5, 42815),
(33, 1, '2021-01-20 04:22:32', NULL, '2021-01-20 04:22:32', 2, 5, 16985),
(34, 1, '2021-01-20 04:22:32', NULL, '2021-01-20 04:22:32', 14, 12, 207175),
(35, 1, '2021-01-20 04:22:33', NULL, '2021-01-20 04:22:33', 2, 4, 51360),
(36, 1, '2021-01-20 04:22:33', NULL, '2021-01-20 04:22:33', 1, 13, 39875),
(37, 1, '2021-01-20 04:22:33', NULL, '2021-01-20 04:22:33', 3, 5, 16985),
(38, 1, '2021-01-20 04:22:33', NULL, '2021-01-20 04:22:33', 6, 12, 24250),
(39, 1, '2021-01-20 04:22:33', NULL, '2021-01-20 04:22:33', 6, 4, 14950),
(40, 1, '2021-01-20 04:22:33', NULL, '2021-01-20 04:22:33', 15, 5, 128650),
(41, 1, '2021-01-20 04:22:33', NULL, '2021-01-20 04:22:33', 6, 12, 220000),
(42, 1, '2021-01-20 04:22:33', NULL, '2021-01-20 04:22:33', 1, 13, 111375),
(43, 1, '2021-01-20 04:22:33', NULL, '2021-01-20 04:22:33', 8, 4, 23750),
(44, 1, '2021-01-20 04:22:33', NULL, '2021-01-20 04:22:33', 6, 12, 42815),
(45, 1, '2021-01-20 04:22:33', NULL, '2021-01-20 04:22:33', 14, 13, 46000),
(46, 1, '2021-01-20 04:22:33', NULL, '2021-01-20 04:22:33', 1, 4, 207175),
(47, 1, '2021-01-20 04:22:33', NULL, '2021-01-20 04:22:33', 3, 4, 86415),
(48, 1, '2021-01-20 04:22:33', NULL, '2021-01-20 04:22:33', 8, 10, 84935),
(49, 1, '2021-01-20 04:22:33', NULL, '2021-01-20 04:22:33', 7, 5, 64950),
(50, 1, '2021-01-20 04:22:33', NULL, '2021-01-20 04:22:33', 3, 4, 234500),
(51, 1, '2021-01-20 04:22:33', NULL, '2021-01-20 04:22:33', 3, 4, 84935),
(52, 1, '2021-01-20 04:22:33', NULL, '2021-01-20 04:22:33', 2, 12, 234500),
(53, 1, '2021-01-20 04:22:33', NULL, '2021-01-20 04:22:33', 3, 12, 39750),
(54, 1, '2021-01-20 04:22:33', NULL, '2021-01-20 04:22:33', 2, 4, 64630),
(55, 1, '2021-01-20 04:22:33', NULL, '2021-01-20 04:22:33', 8, 10, 59070),
(56, 1, '2021-01-20 04:22:33', NULL, '2021-01-20 04:22:33', 14, 13, 84935),
(57, 1, '2021-01-20 04:22:33', NULL, '2021-01-20 04:22:33', 15, 13, 46590),
(58, 1, '2021-01-20 04:22:33', NULL, '2021-01-20 04:22:33', 7, 12, 16985),
(59, 1, '2021-01-20 04:22:33', NULL, '2021-01-20 04:22:33', 8, 12, 23750),
(60, 1, '2021-01-20 04:22:33', NULL, '2021-01-20 04:22:33', 7, 10, 215225),
(61, 1, '2021-01-20 04:22:33', NULL, '2021-01-20 04:22:33', 2, 12, 42875),
(62, 1, '2021-01-20 04:22:33', NULL, '2021-01-20 04:22:33', 9, 5, 181275),
(63, 1, '2021-01-20 04:22:33', NULL, '2021-01-20 04:22:33', 2, 13, 234500),
(64, 1, '2021-01-20 04:22:33', NULL, '2021-01-20 04:22:33', 6, 10, 235000),
(65, 1, '2021-01-20 04:22:33', NULL, '2021-01-20 04:22:33', 1, 13, 44750),
(66, 1, '2021-01-20 04:22:33', NULL, '2021-01-20 04:22:33', 14, 4, 230000),
(67, 1, '2021-01-20 04:22:33', NULL, '2021-01-20 04:22:33', 11, 4, 220000),
(68, 1, '2021-01-20 04:22:33', NULL, '2021-01-20 04:22:33', 8, 10, 24250),
(69, 1, '2021-01-20 04:22:33', NULL, '2021-01-20 04:22:33', 11, 4, 51370),
(70, 1, '2021-01-20 04:22:33', NULL, '2021-01-20 04:22:33', 14, 12, 45120),
(71, 1, '2021-01-20 04:22:33', NULL, '2021-01-20 04:22:33', 15, 5, 39893),
(72, 1, '2021-01-20 04:22:33', NULL, '2021-01-20 04:22:33', 1, 10, 54950),
(73, 1, '2021-01-20 04:22:33', NULL, '2021-01-20 04:22:33', 9, 5, 54950),
(74, 1, '2021-01-20 04:22:33', NULL, '2021-01-20 04:22:33', 11, 13, 142300),
(75, 1, '2021-01-20 04:22:33', NULL, '2021-01-20 04:22:33', 14, 5, 85345),
(76, 1, '2021-01-20 04:22:33', NULL, '2021-01-20 04:22:33', 8, 5, 51370),
(77, 1, '2021-01-20 04:22:33', NULL, '2021-01-20 04:22:33', 7, 5, 16350),
(78, 1, '2021-01-20 04:22:33', NULL, '2021-01-20 04:22:33', 6, 10, 14750),
(79, 1, '2021-01-20 04:22:33', NULL, '2021-01-20 04:22:33', 3, 10, 300725),
(80, 1, '2021-01-20 04:22:33', NULL, '2021-01-20 04:22:33', 2, 4, 300250),
(81, 1, '2021-01-20 04:22:33', NULL, '2021-01-20 04:22:33', 8, 10, 42815),
(82, 1, '2021-01-20 04:22:33', NULL, '2021-01-20 04:22:33', 11, 12, 23750),
(83, 1, '2021-01-20 04:22:33', NULL, '2021-01-20 04:22:33', 15, 12, 54950),
(84, 1, '2021-01-20 04:22:33', NULL, '2021-01-20 04:22:33', 1, 12, 84935),
(85, 1, '2021-01-20 04:22:33', NULL, '2021-01-20 04:22:33', 6, 10, 23750),
(86, 1, '2021-01-20 04:22:33', NULL, '2021-01-20 04:22:33', 11, 10, 59070),
(87, 1, '2021-01-20 04:22:33', NULL, '2021-01-20 04:22:33', 14, 12, 207175),
(88, 1, '2021-01-20 04:22:33', NULL, '2021-01-20 04:22:33', 2, 10, 24755),
(89, 1, '2021-01-20 04:22:33', NULL, '2021-01-20 04:22:33', 2, 5, 15580),
(90, 1, '2021-01-20 04:22:33', NULL, '2021-01-20 04:22:33', 3, 10, 220000),
(91, 1, '2021-01-20 04:22:33', NULL, '2021-01-20 04:22:33', 6, 5, 220000),
(92, 1, '2021-01-20 04:22:33', NULL, '2021-01-20 04:22:33', 2, 12, 14950),
(93, 1, '2021-01-20 04:22:33', NULL, '2021-01-20 04:22:33', 15, 5, 86415),
(94, 1, '2021-01-20 04:22:33', NULL, '2021-01-20 04:22:33', 6, 10, 300250),
(95, 1, '2021-01-20 04:22:33', NULL, '2021-01-20 04:22:33', 6, 5, 16350),
(96, 1, '2021-01-20 04:22:33', NULL, '2021-01-20 04:22:33', 6, 10, 86415),
(97, 1, '2021-01-20 04:22:33', NULL, '2021-01-20 04:22:33', 6, 5, 220000),
(98, 1, '2021-01-20 04:22:33', NULL, '2021-01-20 04:22:33', 11, 12, 57050),
(99, 1, '2021-01-20 04:22:33', NULL, '2021-01-20 04:22:33', 9, 13, 64950),
(100, 1, '2021-01-20 04:22:33', NULL, '2021-01-20 04:22:33', 3, 4, 58455),
(101, 1, '2021-01-20 04:22:33', NULL, '2021-01-20 04:22:33', 6, 4, 142300),
(102, 1, '2021-01-20 04:22:33', NULL, '2021-01-20 04:22:33', 14, 5, 14750),
(103, 1, '2021-01-20 04:22:33', NULL, '2021-01-20 04:22:33', 3, 5, 42815),
(104, 1, '2021-01-20 04:22:33', NULL, '2021-01-20 04:22:33', 7, 10, 64375),
(105, 1, '2021-01-20 04:22:33', NULL, '2021-01-20 04:22:33', 6, 12, 64375),
(106, 1, '2021-01-20 04:22:33', NULL, '2021-01-20 04:22:33', 6, 5, 51120),
(107, 1, '2021-01-20 04:22:33', NULL, '2021-01-20 04:22:33', 9, 13, 300250),
(108, 1, '2021-01-20 04:22:33', NULL, '2021-01-20 04:22:33', 9, 12, 59070),
(109, 1, '2021-01-20 04:22:33', NULL, '2021-01-20 04:22:33', 14, 13, 39750),
(110, 1, '2021-01-20 04:22:33', NULL, '2021-01-20 04:22:33', 3, 13, 220000),
(111, 1, '2021-01-20 04:22:33', NULL, '2021-01-20 04:22:33', 3, 12, 111375),
(112, 1, '2021-01-20 04:22:33', NULL, '2021-01-20 04:22:33', 9, 13, 84935),
(113, 1, '2021-01-20 04:22:33', NULL, '2021-01-20 04:22:33', 2, 4, 64950),
(114, 1, '2021-01-20 04:22:33', NULL, '2021-01-20 04:22:33', 3, 13, 234500),
(115, 1, '2021-01-20 04:22:33', NULL, '2021-01-20 04:22:33', 11, 5, 234500),
(116, 1, '2021-01-20 04:22:33', NULL, '2021-01-20 04:22:33', 1, 12, 14950),
(117, 1, '2021-01-20 04:22:33', NULL, '2021-01-20 04:22:33', 6, 4, 51360),
(118, 1, '2021-01-20 04:22:33', NULL, '2021-01-20 04:22:33', 7, 10, 64630),
(119, 1, '2021-01-20 04:22:33', NULL, '2021-01-20 04:22:33', 2, 5, 46000),
(120, 1, '2021-01-20 04:22:33', NULL, '2021-01-20 04:22:33', 2, 12, 64950),
(121, 1, '2021-01-20 04:22:33', NULL, '2021-01-20 04:22:33', 11, 12, 15580),
(122, 1, '2021-01-20 04:22:33', NULL, '2021-01-20 04:22:33', 8, 4, 111375),
(123, 1, '2021-01-20 04:22:33', NULL, '2021-01-20 04:22:33', 9, 5, 45120),
(124, 1, '2021-01-20 04:22:33', NULL, '2021-01-20 04:22:33', 6, 5, 235000),
(125, 1, '2021-01-20 04:22:33', NULL, '2021-01-20 04:22:33', 15, 13, 128650),
(126, 1, '2021-01-20 04:22:33', NULL, '2021-01-20 04:22:33', 15, 12, 39893),
(127, 1, '2021-01-20 04:22:33', NULL, '2021-01-20 04:22:33', 7, 13, 39750),
(128, 1, '2021-01-20 04:22:33', NULL, '2021-01-20 04:22:33', 14, 13, 111375),
(129, 1, '2021-01-20 04:22:33', NULL, '2021-01-20 04:22:33', 6, 4, 24755),
(130, 1, '2021-01-20 04:22:33', NULL, '2021-01-20 04:22:33', 7, 13, 23750),
(131, 1, '2021-01-20 04:22:33', NULL, '2021-01-20 04:22:33', 6, 4, 16985),
(132, 1, '2021-01-20 04:22:33', NULL, '2021-01-20 04:22:33', 11, 12, 16350),
(133, 1, '2021-01-20 04:22:33', NULL, '2021-01-20 04:22:33', 11, 13, 58455),
(134, 1, '2021-01-20 04:22:33', NULL, '2021-01-20 04:22:33', 6, 4, 54950),
(135, 1, '2021-01-20 04:22:33', NULL, '2021-01-20 04:22:33', 1, 13, 54950),
(136, 1, '2021-01-20 04:22:33', NULL, '2021-01-20 04:22:33', 11, 10, 56985),
(137, 1, '2021-01-20 04:22:33', NULL, '2021-01-20 04:22:33', 7, 4, 16350),
(138, 1, '2021-01-20 04:22:33', NULL, '2021-01-20 04:22:33', 8, 12, 24755),
(139, 1, '2021-01-20 04:22:33', NULL, '2021-01-20 04:22:33', 8, 4, 64950),
(140, 1, '2021-01-20 04:22:33', NULL, '2021-01-20 04:22:33', 6, 12, 300725),
(141, 1, '2021-01-20 04:22:33', NULL, '2021-01-20 04:22:33', 3, 13, 42815),
(142, 1, '2021-01-20 04:22:33', NULL, '2021-01-20 04:22:33', 9, 13, 46590),
(143, 1, '2021-01-20 04:22:33', NULL, '2021-01-20 04:22:33', 2, 4, 64630),
(144, 1, '2021-01-20 04:22:33', NULL, '2021-01-20 04:22:33', 14, 4, 45120),
(145, 1, '2021-01-20 04:22:33', NULL, '2021-01-20 04:22:33', 6, 10, 128650),
(146, 1, '2021-01-20 04:22:33', NULL, '2021-01-20 04:22:33', 8, 10, 14950),
(147, 1, '2021-01-20 04:22:33', NULL, '2021-01-20 04:22:33', 7, 10, 46000),
(148, 1, '2021-01-20 04:22:33', NULL, '2021-01-20 04:22:33', 3, 12, 16350),
(149, 1, '2021-01-20 04:22:33', NULL, '2021-01-20 04:22:33', 2, 10, 51370),
(150, 1, '2021-01-20 04:22:33', NULL, '2021-01-20 04:22:33', 7, 5, 128650),
(151, 1, '2021-01-20 04:22:33', NULL, '2021-01-20 04:22:33', 9, 10, 142300),
(152, 1, '2021-01-20 04:22:33', NULL, '2021-01-20 04:22:33', 6, 10, 44750),
(153, 1, '2021-01-20 04:22:33', NULL, '2021-01-20 04:22:33', 2, 5, 128650),
(154, 1, '2021-01-20 04:22:33', NULL, '2021-01-20 04:22:33', 11, 12, 46000),
(155, 1, '2021-01-20 04:22:33', NULL, '2021-01-20 04:22:33', 11, 4, 64950),
(156, 1, '2021-01-20 04:22:33', NULL, '2021-01-20 04:22:33', 7, 12, 86415),
(157, 1, '2021-01-20 04:22:33', NULL, '2021-01-20 04:22:33', 1, 13, 230000),
(158, 1, '2021-01-20 04:22:33', NULL, '2021-01-20 04:22:33', 2, 12, 57050),
(159, 1, '2021-01-20 04:22:33', NULL, '2021-01-20 04:22:33', 15, 13, 15580),
(160, 1, '2021-01-20 04:22:33', NULL, '2021-01-20 04:22:33', 9, 10, 86415),
(161, 1, '2021-01-20 04:22:33', NULL, '2021-01-20 04:22:33', 14, 12, 46000),
(162, 1, '2021-01-20 04:22:33', NULL, '2021-01-20 04:22:33', 3, 5, 85345),
(163, 1, '2021-01-20 04:22:33', NULL, '2021-01-20 04:22:33', 11, 10, 51370),
(164, 1, '2021-01-20 04:22:33', NULL, '2021-01-20 04:22:33', 6, 10, 64630),
(165, 1, '2021-01-20 04:22:33', NULL, '2021-01-20 04:22:33', 1, 5, 15035),
(166, 1, '2021-01-20 04:22:33', NULL, '2021-01-20 04:22:33', 3, 5, 85345),
(167, 1, '2021-01-20 04:22:33', NULL, '2021-01-20 04:22:33', 3, 12, 181275),
(168, 1, '2021-01-20 04:22:33', NULL, '2021-01-20 04:22:33', 11, 4, 14750),
(169, 1, '2021-01-20 04:22:33', NULL, '2021-01-20 04:22:33', 15, 13, 46590),
(170, 1, '2021-01-20 04:22:33', NULL, '2021-01-20 04:22:33', 8, 5, 300250),
(171, 1, '2021-01-20 04:22:33', NULL, '2021-01-20 04:22:33', 1, 12, 56985),
(172, 1, '2021-01-20 04:22:33', NULL, '2021-01-20 04:22:33', 1, 5, 45120),
(173, 1, '2021-01-20 04:22:33', NULL, '2021-01-20 04:22:33', 9, 4, 16985),
(174, 1, '2021-01-20 04:22:33', NULL, '2021-01-20 04:22:33', 14, 10, 24250),
(175, 1, '2021-01-20 04:22:33', NULL, '2021-01-20 04:22:33', 1, 4, 207175),
(176, 1, '2021-01-20 04:22:33', NULL, '2021-01-20 04:22:33', 7, 4, 23750),
(177, 1, '2021-01-20 04:22:33', NULL, '2021-01-20 04:22:33', 2, 10, 39750),
(178, 1, '2021-01-20 04:22:33', NULL, '2021-01-20 04:22:33', 2, 10, 51360),
(179, 1, '2021-01-20 04:22:33', NULL, '2021-01-20 04:22:33', 14, 13, 51360),
(180, 1, '2021-01-20 04:22:33', NULL, '2021-01-20 04:22:33', 11, 13, 235000),
(181, 1, '2021-01-20 04:22:33', NULL, '2021-01-20 04:22:33', 2, 4, 128650),
(182, 1, '2021-01-20 04:22:33', NULL, '2021-01-20 04:22:33', 11, 5, 234500),
(183, 1, '2021-01-20 04:22:33', NULL, '2021-01-20 04:22:33', 9, 13, 59070),
(184, 1, '2021-01-20 04:22:33', NULL, '2021-01-20 04:22:33', 15, 5, 16985),
(185, 1, '2021-01-20 04:22:33', NULL, '2021-01-20 04:22:33', 3, 5, 207175),
(186, 1, '2021-01-20 04:22:33', NULL, '2021-01-20 04:22:33', 6, 10, 64630),
(187, 1, '2021-01-20 04:22:33', NULL, '2021-01-20 04:22:33', 9, 5, 59070),
(188, 1, '2021-01-20 04:22:33', NULL, '2021-01-20 04:22:33', 15, 12, 51120),
(189, 1, '2021-01-20 04:22:33', NULL, '2021-01-20 04:22:33', 7, 10, 111375),
(190, 1, '2021-01-20 04:22:33', NULL, '2021-01-20 04:22:33', 14, 5, 64375),
(191, 1, '2021-01-20 04:22:33', NULL, '2021-01-20 04:22:33', 2, 13, 142300),
(192, 1, '2021-01-20 04:22:33', NULL, '2021-01-20 04:22:33', 2, 4, 51360),
(193, 1, '2021-01-20 04:22:33', NULL, '2021-01-20 04:22:33', 6, 4, 207175),
(194, 1, '2021-01-20 04:22:33', NULL, '2021-01-20 04:22:33', 9, 5, 51360),
(195, 1, '2021-01-20 04:22:33', NULL, '2021-01-20 04:22:33', 6, 12, 51120),
(196, 1, '2021-01-20 04:22:33', NULL, '2021-01-20 04:22:33', 7, 5, 59070),
(197, 1, '2021-01-20 04:22:33', NULL, '2021-01-20 04:22:33', 11, 10, 84935),
(198, 1, '2021-01-20 04:22:33', NULL, '2021-01-20 04:22:33', 11, 5, 15580),
(199, 1, '2021-01-20 04:22:33', NULL, '2021-01-20 04:22:33', 14, 13, 234500),
(200, 1, '2021-01-20 04:22:33', NULL, '2021-01-20 04:22:33', 8, 5, 44750),
(201, 1, '2021-01-20 04:22:33', NULL, '2021-01-20 04:22:33', 2, 5, 231825),
(202, 1, '2021-01-20 04:22:33', NULL, '2021-01-20 04:22:33', 3, 13, 42815),
(203, 1, '2021-01-20 04:22:33', NULL, '2021-01-20 04:22:33', 14, 10, 234500),
(204, 1, '2021-01-20 04:22:33', NULL, '2021-01-20 04:22:33', 3, 12, 51360),
(205, 1, '2021-01-20 04:22:33', NULL, '2021-01-20 04:22:33', 2, 10, 215225),
(206, 1, '2021-01-20 04:22:33', NULL, '2021-01-20 04:22:33', 9, 12, 42875),
(207, 1, '2021-01-20 04:22:33', NULL, '2021-01-20 04:22:33', 15, 12, 46000),
(208, 1, '2021-01-20 04:22:33', NULL, '2021-01-20 04:22:33', 11, 13, 111375),
(209, 1, '2021-01-20 04:22:33', NULL, '2021-01-20 04:22:33', 6, 5, 220000),
(210, 1, '2021-01-20 04:22:33', NULL, '2021-01-20 04:22:33', 8, 5, 230000),
(211, 1, '2021-01-20 04:22:33', NULL, '2021-01-20 04:22:33', 11, 4, 14750),
(212, 1, '2021-01-20 04:22:33', NULL, '2021-01-20 04:22:33', 15, 5, 84935),
(213, 1, '2021-01-20 04:22:33', NULL, '2021-01-20 04:22:33', 9, 5, 46590),
(214, 1, '2021-01-20 04:22:33', NULL, '2021-01-20 04:22:33', 1, 4, 64630),
(215, 1, '2021-01-20 04:22:33', NULL, '2021-01-20 04:22:33', 7, 10, 142300),
(216, 1, '2021-01-20 04:22:33', NULL, '2021-01-20 04:22:33', 8, 12, 14750),
(217, 1, '2021-01-20 04:22:33', NULL, '2021-01-20 04:22:33', 14, 4, 64950),
(218, 1, '2021-01-20 04:22:33', NULL, '2021-01-20 04:22:33', 3, 12, 51370),
(219, 1, '2021-01-20 04:22:33', NULL, '2021-01-20 04:22:33', 1, 4, 128650),
(220, 1, '2021-01-20 04:22:33', NULL, '2021-01-20 04:22:33', 3, 13, 85345),
(221, 1, '2021-01-20 04:22:33', NULL, '2021-01-20 04:22:33', 11, 10, 231825),
(222, 1, '2021-01-20 04:22:33', NULL, '2021-01-20 04:22:33', 8, 12, 111375),
(223, 1, '2021-01-20 04:22:33', NULL, '2021-01-20 04:22:33', 6, 5, 51120),
(224, 1, '2021-01-20 04:22:33', NULL, '2021-01-20 04:22:33', 15, 13, 24755),
(225, 1, '2021-01-20 04:22:33', NULL, '2021-01-20 04:22:33', 7, 12, 230000),
(226, 1, '2021-01-20 04:22:33', NULL, '2021-01-20 04:22:33', 7, 4, 207175),
(227, 1, '2021-01-20 04:22:33', NULL, '2021-01-20 04:22:33', 11, 5, 14750),
(228, 1, '2021-01-20 04:22:33', NULL, '2021-01-20 04:22:33', 11, 5, 207175),
(229, 1, '2021-01-20 04:22:33', NULL, '2021-01-20 04:22:33', 3, 10, 39875),
(230, 1, '2021-01-20 04:22:33', NULL, '2021-01-20 04:22:33', 15, 13, 111375),
(231, 1, '2021-01-20 04:22:33', NULL, '2021-01-20 04:22:33', 6, 12, 235000),
(232, 1, '2021-01-20 04:22:33', NULL, '2021-01-20 04:22:33', 3, 4, 64375),
(233, 1, '2021-01-20 04:22:33', NULL, '2021-01-20 04:22:33', 7, 10, 56985),
(234, 1, '2021-01-20 04:22:33', NULL, '2021-01-20 04:22:33', 15, 12, 128650),
(235, 1, '2021-01-20 04:22:33', NULL, '2021-01-20 04:22:33', 8, 13, 220000),
(236, 1, '2021-01-20 04:22:33', NULL, '2021-01-20 04:22:33', 2, 13, 64950),
(237, 1, '2021-01-20 04:22:33', NULL, '2021-01-20 04:22:33', 2, 5, 86415),
(238, 1, '2021-01-20 04:22:33', NULL, '2021-01-20 04:22:33', 6, 12, 235000),
(239, 1, '2021-01-20 04:22:33', NULL, '2021-01-20 04:22:33', 11, 4, 39750),
(240, 1, '2021-01-20 04:22:33', NULL, '2021-01-20 04:22:33', 1, 12, 220000),
(241, 1, '2021-01-20 04:22:33', NULL, '2021-01-20 04:22:33', 2, 10, 42875),
(242, 1, '2021-01-20 04:22:33', NULL, '2021-01-20 04:22:33', 14, 10, 39750),
(243, 1, '2021-01-20 04:22:33', NULL, '2021-01-20 04:22:33', 15, 4, 51120),
(244, 1, '2021-01-20 04:22:33', NULL, '2021-01-20 04:22:33', 8, 13, 39750),
(245, 1, '2021-01-20 04:22:33', NULL, '2021-01-20 04:22:33', 2, 13, 44750),
(246, 1, '2021-01-20 04:22:33', NULL, '2021-01-20 04:22:33', 6, 13, 14950),
(247, 1, '2021-01-20 04:22:33', NULL, '2021-01-20 04:22:33', 9, 12, 39750),
(248, 1, '2021-01-20 04:22:33', NULL, '2021-01-20 04:22:33', 7, 13, 46000),
(249, 1, '2021-01-20 04:22:33', NULL, '2021-01-20 04:22:33', 11, 13, 42815),
(250, 1, '2021-01-20 04:22:33', NULL, '2021-01-20 04:22:33', 9, 12, 24755),
(251, 1, '2021-01-20 04:22:33', NULL, '2021-01-20 04:22:33', 9, 5, 39875),
(252, 1, '2021-01-20 04:22:33', NULL, '2021-01-20 04:22:33', 2, 10, 14950),
(253, 1, '2021-01-20 04:22:33', NULL, '2021-01-20 04:22:33', 8, 4, 215225),
(254, 1, '2021-01-20 04:22:33', NULL, '2021-01-20 04:22:33', 3, 4, 39875),
(255, 1, '2021-01-20 04:22:33', NULL, '2021-01-20 04:22:33', 7, 10, 44750),
(256, 1, '2021-01-20 04:22:33', NULL, '2021-01-20 04:22:33', 14, 13, 66750),
(257, 1, '2021-01-20 04:22:33', NULL, '2021-01-20 04:22:33', 15, 12, 215225),
(258, 1, '2021-01-20 04:22:33', NULL, '2021-01-20 04:22:33', 1, 5, 42815),
(259, 1, '2021-01-20 04:22:33', NULL, '2021-01-20 04:22:33', 8, 12, 235000),
(260, 1, '2021-01-20 04:22:33', NULL, '2021-01-20 04:22:33', 3, 13, 207175),
(261, 1, '2021-01-20 04:22:33', NULL, '2021-01-20 04:22:33', 7, 5, 66750),
(262, 1, '2021-01-20 04:22:33', NULL, '2021-01-20 04:22:33', 14, 13, 64950),
(263, 1, '2021-01-20 04:22:33', NULL, '2021-01-20 04:22:33', 11, 13, 64375),
(264, 1, '2021-01-20 04:22:33', NULL, '2021-01-20 04:22:33', 1, 10, 16985),
(265, 1, '2021-01-20 04:22:33', NULL, '2021-01-20 04:22:33', 9, 12, 57050),
(266, 1, '2021-01-20 04:22:33', NULL, '2021-01-20 04:22:33', 2, 12, 39893),
(267, 1, '2021-01-20 04:22:33', NULL, '2021-01-20 04:22:33', 7, 13, 181275),
(268, 1, '2021-01-20 04:22:34', NULL, '2021-01-20 04:22:34', 2, 5, 56985),
(269, 1, '2021-01-20 04:22:34', NULL, '2021-01-20 04:22:34', 7, 4, 42815),
(270, 1, '2021-01-20 04:22:34', NULL, '2021-01-20 04:22:34', 8, 4, 215225),
(271, 1, '2021-01-20 04:22:34', NULL, '2021-01-20 04:22:34', 11, 4, 181275),
(272, 1, '2021-01-20 04:22:34', NULL, '2021-01-20 04:22:34', 15, 12, 24755),
(273, 1, '2021-01-20 04:22:34', NULL, '2021-01-20 04:22:34', 1, 12, 54950),
(274, 1, '2021-01-20 04:22:34', NULL, '2021-01-20 04:22:34', 11, 5, 46000),
(275, 1, '2021-01-20 04:22:34', NULL, '2021-01-20 04:22:34', 9, 13, 111375),
(276, 1, '2021-01-20 04:22:34', NULL, '2021-01-20 04:22:34', 8, 12, 46000),
(277, 1, '2021-01-20 04:22:34', NULL, '2021-01-20 04:22:34', 7, 10, 44750),
(278, 1, '2021-01-20 04:22:34', NULL, '2021-01-20 04:22:34', 9, 12, 39893),
(279, 1, '2021-01-20 04:22:34', NULL, '2021-01-20 04:22:34', 6, 10, 51360),
(280, 1, '2021-01-20 04:22:34', NULL, '2021-01-20 04:22:34', 15, 13, 220000),
(281, 1, '2021-01-20 04:22:34', NULL, '2021-01-20 04:22:34', 8, 5, 51370),
(282, 1, '2021-01-20 04:22:34', NULL, '2021-01-20 04:22:34', 3, 5, 142300),
(283, 1, '2021-01-20 04:22:34', NULL, '2021-01-20 04:22:34', 11, 5, 300250),
(284, 1, '2021-01-20 04:22:34', NULL, '2021-01-20 04:22:34', 6, 4, 66750),
(285, 1, '2021-01-20 04:22:34', NULL, '2021-01-20 04:22:34', 8, 12, 66750),
(286, 1, '2021-01-20 04:22:34', NULL, '2021-01-20 04:22:34', 3, 13, 42815),
(287, 1, '2021-01-20 04:22:34', NULL, '2021-01-20 04:22:34', 1, 5, 46590),
(288, 1, '2021-01-20 04:22:34', NULL, '2021-01-20 04:22:34', 9, 4, 44750),
(289, 1, '2021-01-20 04:22:34', NULL, '2021-01-20 04:22:34', 11, 4, 16350),
(290, 1, '2021-01-20 04:22:34', NULL, '2021-01-20 04:22:34', 1, 13, 16350),
(291, 1, '2021-01-20 04:22:34', NULL, '2021-01-20 04:22:34', 3, 13, 220000),
(292, 1, '2021-01-20 04:22:34', NULL, '2021-01-20 04:22:34', 11, 5, 56985),
(293, 1, '2021-01-20 04:22:34', NULL, '2021-01-20 04:22:34', 7, 4, 24250),
(294, 1, '2021-01-20 04:22:34', NULL, '2021-01-20 04:22:34', 8, 5, 128650),
(295, 1, '2021-01-20 04:22:34', NULL, '2021-01-20 04:22:34', 7, 4, 15035),
(296, 1, '2021-01-20 04:22:34', NULL, '2021-01-20 04:22:34', 9, 10, 15580),
(297, 1, '2021-01-20 04:22:34', NULL, '2021-01-20 04:22:34', 15, 10, 300250),
(298, 1, '2021-01-20 04:22:34', NULL, '2021-01-20 04:22:34', 1, 4, 54950),
(299, 1, '2021-01-20 04:22:34', NULL, '2021-01-20 04:22:34', 1, 5, 64630),
(300, 1, '2021-01-20 04:22:34', NULL, '2021-01-20 04:22:34', 11, 10, 15580);

-- --------------------------------------------------------

--
-- Cấu trúc bảng cho bảng `bill_detail`
--

CREATE TABLE `bill_detail` (
  `id` bigint(20) NOT NULL,
  `active` tinyint(1) DEFAULT 1,
  `created_at` datetime DEFAULT current_timestamp(),
  `description` varchar(255) DEFAULT NULL,
  `updated_at` datetime DEFAULT current_timestamp(),
  `price` float DEFAULT NULL,
  `quantity` int(11) DEFAULT NULL,
  `bill_id` bigint(20) DEFAULT NULL,
  `car_id` bigint(20) DEFAULT NULL,
  `coupon_id` bigint(20) DEFAULT NULL
) ENGINE=MyISAM DEFAULT CHARSET=utf8mb4;

--
-- Đang đổ dữ liệu cho bảng `bill_detail`
--

INSERT INTO `bill_detail` (`id`, `active`, `created_at`, `description`, `updated_at`, `price`, `quantity`, `bill_id`, `car_id`, `coupon_id`) VALUES
(1, 1, '2021-01-20 04:22:32', NULL, '2021-01-20 04:22:32', 235000, 9, 1, 4, NULL),
(2, 1, '2021-01-20 04:22:32', NULL, '2021-01-20 04:22:32', 300725, 8, 1, 1, NULL),
(3, 1, '2021-01-20 04:22:32', NULL, '2021-01-20 04:22:32', 220000, 6, 2, 6, NULL),
(4, 1, '2021-01-20 04:22:32', NULL, '2021-01-20 04:22:32', 234500, 7, 2, 7, NULL),
(5, 1, '2021-01-20 04:22:32', NULL, '2021-01-20 04:22:32', 59070, 6, 2, 29, NULL),
(6, 1, '2021-01-20 04:22:32', NULL, '2021-01-20 04:22:32', 56985, 7, 3, 23, NULL),
(7, 1, '2021-01-20 04:22:32', NULL, '2021-01-20 04:22:32', 51370, 7, 3, 31, NULL),
(8, 1, '2021-01-20 04:22:32', NULL, '2021-01-20 04:22:32', 64375, 8, 4, 30, NULL),
(9, 1, '2021-01-20 04:22:32', NULL, '2021-01-20 04:22:32', 64630, 9, 4, 15, NULL),
(10, 1, '2021-01-20 04:22:32', NULL, '2021-01-20 04:22:32', 45120, 6, 4, 34, NULL),
(11, 1, '2021-01-20 04:22:32', NULL, '2021-01-20 04:22:32', 181275, 9, 5, 9, NULL),
(12, 1, '2021-01-20 04:22:32', NULL, '2021-01-20 04:22:32', 181275, 9, 5, 9, NULL),
(13, 1, '2021-01-20 04:22:32', NULL, '2021-01-20 04:22:32', 51120, 5, 6, 37, NULL),
(14, 1, '2021-01-20 04:22:32', NULL, '2021-01-20 04:22:32', 111375, 6, 6, 26, NULL),
(15, 1, '2021-01-20 04:22:32', NULL, '2021-01-20 04:22:32', 84935, 4, 7, 18, NULL),
(16, 1, '2021-01-20 04:22:32', NULL, '2021-01-20 04:22:32', 234500, 7, 8, 7, NULL),
(17, 1, '2021-01-20 04:22:32', NULL, '2021-01-20 04:22:32', 16985, 14, 8, 46, NULL),
(18, 1, '2021-01-20 04:22:32', NULL, '2021-01-20 04:22:32', 230000, 7, 8, 5, NULL),
(19, 1, '2021-01-20 04:22:32', NULL, '2021-01-20 04:22:32', 24755, 11, 9, 39, NULL),
(20, 1, '2021-01-20 04:22:32', NULL, '2021-01-20 04:22:32', 42875, 4, 9, 35, NULL),
(21, 1, '2021-01-20 04:22:32', NULL, '2021-01-20 04:22:32', 24250, 9, 9, 38, NULL),
(22, 1, '2021-01-20 04:22:32', NULL, '2021-01-20 04:22:32', 215225, 7, 10, 8, NULL),
(23, 1, '2021-01-20 04:22:32', NULL, '2021-01-20 04:22:32', 51370, 7, 10, 31, NULL),
(24, 1, '2021-01-20 04:22:32', NULL, '2021-01-20 04:22:32', 300250, 8, 10, 3, NULL),
(25, 1, '2021-01-20 04:22:32', NULL, '2021-01-20 04:22:32', 230000, 7, 11, 5, NULL),
(26, 1, '2021-01-20 04:22:32', NULL, '2021-01-20 04:22:32', 23750, 14, 11, 40, NULL),
(27, 1, '2021-01-20 04:22:32', NULL, '2021-01-20 04:22:32', 15035, 13, 12, 44, NULL),
(28, 1, '2021-01-20 04:22:32', NULL, '2021-01-20 04:22:32', 128650, 5, 13, 28, NULL),
(29, 1, '2021-01-20 04:22:32', NULL, '2021-01-20 04:22:32', 42815, 8, 14, 11, NULL),
(30, 1, '2021-01-20 04:22:32', NULL, '2021-01-20 04:22:32', 15580, 15, 14, 42, NULL),
(31, 1, '2021-01-20 04:22:32', NULL, '2021-01-20 04:22:32', 234500, 7, 14, 7, NULL),
(32, 1, '2021-01-20 04:22:32', NULL, '2021-01-20 04:22:32', 51370, 7, 15, 31, NULL),
(33, 1, '2021-01-20 04:22:32', NULL, '2021-01-20 04:22:32', 14950, 11, 15, 43, NULL),
(34, 1, '2021-01-20 04:22:32', NULL, '2021-01-20 04:22:32', 235000, 9, 15, 4, NULL),
(35, 1, '2021-01-20 04:22:32', NULL, '2021-01-20 04:22:32', 235000, 9, 16, 4, NULL),
(36, 1, '2021-01-20 04:22:32', NULL, '2021-01-20 04:22:32', 181275, 9, 16, 9, NULL),
(37, 1, '2021-01-20 04:22:32', NULL, '2021-01-20 04:22:32', 142300, 8, 17, 27, NULL),
(38, 1, '2021-01-20 04:22:32', NULL, '2021-01-20 04:22:32', 51360, 5, 17, 14, NULL),
(39, 1, '2021-01-20 04:22:32', NULL, '2021-01-20 04:22:32', 66750, 7, 17, 25, NULL),
(40, 1, '2021-01-20 04:22:32', NULL, '2021-01-20 04:22:32', 24250, 9, 18, 38, NULL),
(41, 1, '2021-01-20 04:22:32', NULL, '2021-01-20 04:22:32', 16350, 15, 18, 45, NULL),
(42, 1, '2021-01-20 04:22:32', NULL, '2021-01-20 04:22:32', 64630, 9, 19, 15, NULL),
(43, 1, '2021-01-20 04:22:32', NULL, '2021-01-20 04:22:32', 24250, 9, 20, 38, NULL),
(44, 1, '2021-01-20 04:22:32', NULL, '2021-01-20 04:22:32', 23750, 14, 21, 40, NULL),
(45, 1, '2021-01-20 04:22:32', NULL, '2021-01-20 04:22:32', 215225, 7, 22, 8, NULL),
(46, 1, '2021-01-20 04:22:32', NULL, '2021-01-20 04:22:32', 128650, 5, 22, 28, NULL),
(47, 1, '2021-01-20 04:22:32', NULL, '2021-01-20 04:22:32', 44750, 5, 22, 33, NULL),
(48, 1, '2021-01-20 04:22:32', NULL, '2021-01-20 04:22:32', 56985, 7, 23, 23, NULL),
(49, 1, '2021-01-20 04:22:32', NULL, '2021-01-20 04:22:32', 181275, 9, 23, 9, NULL),
(50, 1, '2021-01-20 04:22:32', NULL, '2021-01-20 04:22:32', 66750, 7, 24, 25, NULL),
(51, 1, '2021-01-20 04:22:32', NULL, '2021-01-20 04:22:32', 51120, 5, 24, 37, NULL),
(52, 1, '2021-01-20 04:22:32', NULL, '2021-01-20 04:22:32', 45120, 6, 24, 34, NULL),
(53, 1, '2021-01-20 04:22:32', NULL, '2021-01-20 04:22:32', 220000, 6, 25, 6, NULL),
(54, 1, '2021-01-20 04:22:32', NULL, '2021-01-20 04:22:32', 128650, 5, 26, 28, NULL),
(55, 1, '2021-01-20 04:22:32', NULL, '2021-01-20 04:22:32', 300250, 8, 26, 3, NULL),
(56, 1, '2021-01-20 04:22:32', NULL, '2021-01-20 04:22:32', 14950, 11, 27, 43, NULL),
(57, 1, '2021-01-20 04:22:32', NULL, '2021-01-20 04:22:32', 128650, 5, 28, 28, NULL),
(58, 1, '2021-01-20 04:22:32', NULL, '2021-01-20 04:22:32', 51120, 5, 28, 37, NULL),
(59, 1, '2021-01-20 04:22:32', NULL, '2021-01-20 04:22:32', 230000, 7, 28, 5, NULL),
(60, 1, '2021-01-20 04:22:32', NULL, '2021-01-20 04:22:32', 51360, 5, 29, 14, NULL),
(61, 1, '2021-01-20 04:22:32', NULL, '2021-01-20 04:22:32', 64375, 8, 29, 30, NULL),
(62, 1, '2021-01-20 04:22:32', NULL, '2021-01-20 04:22:32', 128650, 5, 30, 28, NULL),
(63, 1, '2021-01-20 04:22:32', NULL, '2021-01-20 04:22:32', 64950, 4, 31, 22, NULL),
(64, 1, '2021-01-20 04:22:32', NULL, '2021-01-20 04:22:32', 300250, 8, 31, 3, NULL),
(65, 1, '2021-01-20 04:22:32', NULL, '2021-01-20 04:22:32', 66750, 7, 32, 25, NULL),
(66, 1, '2021-01-20 04:22:32', NULL, '2021-01-20 04:22:32', 42875, 4, 32, 35, NULL),
(67, 1, '2021-01-20 04:22:32', NULL, '2021-01-20 04:22:32', 42815, 8, 32, 11, NULL),
(68, 1, '2021-01-20 04:22:32', NULL, '2021-01-20 04:22:32', 66750, 7, 33, 25, NULL),
(69, 1, '2021-01-20 04:22:32', NULL, '2021-01-20 04:22:32', 16985, 14, 33, 46, NULL),
(70, 1, '2021-01-20 04:22:32', NULL, '2021-01-20 04:22:32', 207175, 7, 34, 10, NULL),
(71, 1, '2021-01-20 04:22:33', NULL, '2021-01-20 04:22:33', 45120, 6, 35, 34, NULL),
(72, 1, '2021-01-20 04:22:33', NULL, '2021-01-20 04:22:33', 51360, 5, 35, 14, NULL),
(73, 1, '2021-01-20 04:22:33', NULL, '2021-01-20 04:22:33', 66750, 7, 36, 25, NULL),
(74, 1, '2021-01-20 04:22:33', NULL, '2021-01-20 04:22:33', 39875, 5, 36, 12, NULL),
(75, 1, '2021-01-20 04:22:33', NULL, '2021-01-20 04:22:33', 235000, 9, 37, 4, NULL),
(76, 1, '2021-01-20 04:22:33', NULL, '2021-01-20 04:22:33', 16985, 14, 37, 46, NULL),
(77, 1, '2021-01-20 04:22:33', NULL, '2021-01-20 04:22:33', 24250, 9, 38, 38, NULL),
(78, 1, '2021-01-20 04:22:33', NULL, '2021-01-20 04:22:33', 39750, 7, 39, 32, NULL),
(79, 1, '2021-01-20 04:22:33', NULL, '2021-01-20 04:22:33', 14950, 11, 39, 43, NULL),
(80, 1, '2021-01-20 04:22:33', NULL, '2021-01-20 04:22:33', 128650, 5, 40, 28, NULL),
(81, 1, '2021-01-20 04:22:33', NULL, '2021-01-20 04:22:33', 220000, 6, 41, 6, NULL),
(82, 1, '2021-01-20 04:22:33', NULL, '2021-01-20 04:22:33', 220000, 6, 42, 6, NULL),
(83, 1, '2021-01-20 04:22:33', NULL, '2021-01-20 04:22:33', 181275, 9, 42, 9, NULL),
(84, 1, '2021-01-20 04:22:33', NULL, '2021-01-20 04:22:33', 111375, 6, 42, 26, NULL),
(85, 1, '2021-01-20 04:22:33', NULL, '2021-01-20 04:22:33', 14750, 16, 43, 41, NULL),
(86, 1, '2021-01-20 04:22:33', NULL, '2021-01-20 04:22:33', 230000, 7, 43, 5, NULL),
(87, 1, '2021-01-20 04:22:33', NULL, '2021-01-20 04:22:33', 23750, 14, 43, 40, NULL),
(88, 1, '2021-01-20 04:22:33', NULL, '2021-01-20 04:22:33', 14750, 16, 44, 41, NULL),
(89, 1, '2021-01-20 04:22:33', NULL, '2021-01-20 04:22:33', 42815, 8, 44, 11, NULL),
(90, 1, '2021-01-20 04:22:33', NULL, '2021-01-20 04:22:33', 46000, 7, 45, 36, NULL),
(91, 1, '2021-01-20 04:22:33', NULL, '2021-01-20 04:22:33', 207175, 7, 46, 10, NULL),
(92, 1, '2021-01-20 04:22:33', NULL, '2021-01-20 04:22:33', 86415, 5, 47, 19, NULL),
(93, 1, '2021-01-20 04:22:33', NULL, '2021-01-20 04:22:33', 54950, 6, 48, 24, NULL),
(94, 1, '2021-01-20 04:22:33', NULL, '2021-01-20 04:22:33', 84935, 4, 48, 18, NULL),
(95, 1, '2021-01-20 04:22:33', NULL, '2021-01-20 04:22:33', 51370, 7, 49, 31, NULL),
(96, 1, '2021-01-20 04:22:33', NULL, '2021-01-20 04:22:33', 220000, 6, 49, 6, NULL),
(97, 1, '2021-01-20 04:22:33', NULL, '2021-01-20 04:22:33', 64950, 4, 49, 22, NULL),
(98, 1, '2021-01-20 04:22:33', NULL, '2021-01-20 04:22:33', 66750, 7, 50, 25, NULL),
(99, 1, '2021-01-20 04:22:33', NULL, '2021-01-20 04:22:33', 44750, 5, 50, 33, NULL),
(100, 1, '2021-01-20 04:22:33', NULL, '2021-01-20 04:22:33', 234500, 7, 50, 7, NULL),
(101, 1, '2021-01-20 04:22:33', NULL, '2021-01-20 04:22:33', 39750, 7, 51, 32, NULL),
(102, 1, '2021-01-20 04:22:33', NULL, '2021-01-20 04:22:33', 84935, 4, 51, 18, NULL),
(103, 1, '2021-01-20 04:22:33', NULL, '2021-01-20 04:22:33', 84935, 4, 51, 18, NULL),
(104, 1, '2021-01-20 04:22:33', NULL, '2021-01-20 04:22:33', 234500, 7, 52, 7, NULL),
(105, 1, '2021-01-20 04:22:33', NULL, '2021-01-20 04:22:33', 39750, 7, 53, 32, NULL),
(106, 1, '2021-01-20 04:22:33', NULL, '2021-01-20 04:22:33', 42815, 8, 54, 11, NULL),
(107, 1, '2021-01-20 04:22:33', NULL, '2021-01-20 04:22:33', 16350, 15, 54, 45, NULL),
(108, 1, '2021-01-20 04:22:33', NULL, '2021-01-20 04:22:33', 64630, 9, 54, 15, NULL),
(109, 1, '2021-01-20 04:22:33', NULL, '2021-01-20 04:22:33', 45120, 6, 55, 34, NULL),
(110, 1, '2021-01-20 04:22:33', NULL, '2021-01-20 04:22:33', 59070, 6, 55, 29, NULL),
(111, 1, '2021-01-20 04:22:33', NULL, '2021-01-20 04:22:33', 39893, 8, 56, 13, NULL),
(112, 1, '2021-01-20 04:22:33', NULL, '2021-01-20 04:22:33', 84935, 4, 56, 18, NULL),
(113, 1, '2021-01-20 04:22:33', NULL, '2021-01-20 04:22:33', 111375, 6, 57, 26, NULL),
(114, 1, '2021-01-20 04:22:33', NULL, '2021-01-20 04:22:33', 46590, 4, 57, 16, NULL),
(115, 1, '2021-01-20 04:22:33', NULL, '2021-01-20 04:22:33', 51370, 7, 58, 31, NULL),
(116, 1, '2021-01-20 04:22:33', NULL, '2021-01-20 04:22:33', 111375, 6, 58, 26, NULL),
(117, 1, '2021-01-20 04:22:33', NULL, '2021-01-20 04:22:33', 16985, 14, 58, 46, NULL),
(118, 1, '2021-01-20 04:22:33', NULL, '2021-01-20 04:22:33', 128650, 5, 59, 28, NULL),
(119, 1, '2021-01-20 04:22:33', NULL, '2021-01-20 04:22:33', 46000, 7, 59, 36, NULL),
(120, 1, '2021-01-20 04:22:33', NULL, '2021-01-20 04:22:33', 23750, 14, 59, 40, NULL),
(121, 1, '2021-01-20 04:22:33', NULL, '2021-01-20 04:22:33', 220000, 6, 60, 6, NULL),
(122, 1, '2021-01-20 04:22:33', NULL, '2021-01-20 04:22:33', 111375, 6, 60, 26, NULL),
(123, 1, '2021-01-20 04:22:33', NULL, '2021-01-20 04:22:33', 215225, 7, 60, 8, NULL),
(124, 1, '2021-01-20 04:22:33', NULL, '2021-01-20 04:22:33', 24755, 11, 61, 39, NULL),
(125, 1, '2021-01-20 04:22:33', NULL, '2021-01-20 04:22:33', 46590, 4, 61, 16, NULL),
(126, 1, '2021-01-20 04:22:33', NULL, '2021-01-20 04:22:33', 42875, 4, 61, 35, NULL),
(127, 1, '2021-01-20 04:22:33', NULL, '2021-01-20 04:22:33', 45120, 6, 62, 34, NULL),
(128, 1, '2021-01-20 04:22:33', NULL, '2021-01-20 04:22:33', 181275, 9, 62, 9, NULL),
(129, 1, '2021-01-20 04:22:33', NULL, '2021-01-20 04:22:33', 59070, 6, 63, 29, NULL),
(130, 1, '2021-01-20 04:22:33', NULL, '2021-01-20 04:22:33', 234500, 7, 63, 7, NULL),
(131, 1, '2021-01-20 04:22:33', NULL, '2021-01-20 04:22:33', 56985, 7, 64, 23, NULL),
(132, 1, '2021-01-20 04:22:33', NULL, '2021-01-20 04:22:33', 231825, 9, 64, 2, NULL),
(133, 1, '2021-01-20 04:22:33', NULL, '2021-01-20 04:22:33', 235000, 9, 64, 4, NULL),
(134, 1, '2021-01-20 04:22:33', NULL, '2021-01-20 04:22:33', 85345, 9, 65, 17, NULL),
(135, 1, '2021-01-20 04:22:33', NULL, '2021-01-20 04:22:33', 56985, 7, 65, 23, NULL),
(136, 1, '2021-01-20 04:22:33', NULL, '2021-01-20 04:22:33', 44750, 5, 65, 33, NULL),
(137, 1, '2021-01-20 04:22:33', NULL, '2021-01-20 04:22:33', 51370, 7, 66, 31, NULL),
(138, 1, '2021-01-20 04:22:33', NULL, '2021-01-20 04:22:33', 230000, 7, 66, 5, NULL),
(139, 1, '2021-01-20 04:22:33', NULL, '2021-01-20 04:22:33', 84935, 4, 67, 18, NULL),
(140, 1, '2021-01-20 04:22:33', NULL, '2021-01-20 04:22:33', 111375, 6, 67, 26, NULL),
(141, 1, '2021-01-20 04:22:33', NULL, '2021-01-20 04:22:33', 220000, 6, 67, 6, NULL),
(142, 1, '2021-01-20 04:22:33', NULL, '2021-01-20 04:22:33', 24250, 9, 68, 38, NULL),
(143, 1, '2021-01-20 04:22:33', NULL, '2021-01-20 04:22:33', 231825, 9, 69, 2, NULL),
(144, 1, '2021-01-20 04:22:33', NULL, '2021-01-20 04:22:33', 51370, 7, 69, 31, NULL),
(145, 1, '2021-01-20 04:22:33', NULL, '2021-01-20 04:22:33', 23750, 14, 70, 40, NULL),
(146, 1, '2021-01-20 04:22:33', NULL, '2021-01-20 04:22:33', 207175, 7, 70, 10, NULL),
(147, 1, '2021-01-20 04:22:33', NULL, '2021-01-20 04:22:33', 45120, 6, 70, 34, NULL),
(148, 1, '2021-01-20 04:22:33', NULL, '2021-01-20 04:22:33', 39893, 8, 71, 13, NULL),
(149, 1, '2021-01-20 04:22:33', NULL, '2021-01-20 04:22:33', 54950, 6, 72, 24, NULL),
(150, 1, '2021-01-20 04:22:33', NULL, '2021-01-20 04:22:33', 128650, 5, 73, 28, NULL),
(151, 1, '2021-01-20 04:22:33', NULL, '2021-01-20 04:22:33', 84935, 4, 73, 18, NULL),
(152, 1, '2021-01-20 04:22:33', NULL, '2021-01-20 04:22:33', 54950, 6, 73, 24, NULL),
(153, 1, '2021-01-20 04:22:33', NULL, '2021-01-20 04:22:33', 142300, 8, 74, 27, NULL),
(154, 1, '2021-01-20 04:22:33', NULL, '2021-01-20 04:22:33', 231825, 9, 75, 2, NULL),
(155, 1, '2021-01-20 04:22:33', NULL, '2021-01-20 04:22:33', 64630, 9, 75, 15, NULL),
(156, 1, '2021-01-20 04:22:33', NULL, '2021-01-20 04:22:33', 85345, 9, 75, 17, NULL),
(157, 1, '2021-01-20 04:22:33', NULL, '2021-01-20 04:22:33', 42815, 8, 76, 11, NULL),
(158, 1, '2021-01-20 04:22:33', NULL, '2021-01-20 04:22:33', 51370, 7, 76, 31, NULL),
(159, 1, '2021-01-20 04:22:33', NULL, '2021-01-20 04:22:33', 16350, 15, 77, 45, NULL),
(160, 1, '2021-01-20 04:22:33', NULL, '2021-01-20 04:22:33', 300250, 8, 78, 3, NULL),
(161, 1, '2021-01-20 04:22:33', NULL, '2021-01-20 04:22:33', 14750, 16, 78, 41, NULL),
(162, 1, '2021-01-20 04:22:33', NULL, '2021-01-20 04:22:33', 300725, 8, 79, 1, NULL),
(163, 1, '2021-01-20 04:22:33', NULL, '2021-01-20 04:22:33', 44750, 5, 79, 33, NULL),
(164, 1, '2021-01-20 04:22:33', NULL, '2021-01-20 04:22:33', 300725, 8, 79, 1, NULL),
(165, 1, '2021-01-20 04:22:33', NULL, '2021-01-20 04:22:33', 44750, 5, 80, 33, NULL),
(166, 1, '2021-01-20 04:22:33', NULL, '2021-01-20 04:22:33', 300250, 8, 80, 3, NULL),
(167, 1, '2021-01-20 04:22:33', NULL, '2021-01-20 04:22:33', 85345, 9, 81, 17, NULL),
(168, 1, '2021-01-20 04:22:33', NULL, '2021-01-20 04:22:33', 42815, 8, 81, 11, NULL),
(169, 1, '2021-01-20 04:22:33', NULL, '2021-01-20 04:22:33', 128650, 5, 82, 28, NULL),
(170, 1, '2021-01-20 04:22:33', NULL, '2021-01-20 04:22:33', 23750, 14, 82, 40, NULL),
(171, 1, '2021-01-20 04:22:33', NULL, '2021-01-20 04:22:33', 39893, 8, 83, 13, NULL),
(172, 1, '2021-01-20 04:22:33', NULL, '2021-01-20 04:22:33', 54950, 6, 83, 24, NULL),
(173, 1, '2021-01-20 04:22:33', NULL, '2021-01-20 04:22:33', 215225, 7, 84, 8, NULL),
(174, 1, '2021-01-20 04:22:33', NULL, '2021-01-20 04:22:33', 24250, 9, 84, 38, NULL),
(175, 1, '2021-01-20 04:22:33', NULL, '2021-01-20 04:22:33', 84935, 4, 84, 18, NULL),
(176, 1, '2021-01-20 04:22:33', NULL, '2021-01-20 04:22:33', 57050, 6, 85, 21, NULL),
(177, 1, '2021-01-20 04:22:33', NULL, '2021-01-20 04:22:33', 23750, 14, 85, 40, NULL),
(178, 1, '2021-01-20 04:22:33', NULL, '2021-01-20 04:22:33', 207175, 7, 86, 10, NULL),
(179, 1, '2021-01-20 04:22:33', NULL, '2021-01-20 04:22:33', 59070, 6, 86, 29, NULL),
(180, 1, '2021-01-20 04:22:33', NULL, '2021-01-20 04:22:33', 215225, 7, 87, 8, NULL),
(181, 1, '2021-01-20 04:22:33', NULL, '2021-01-20 04:22:33', 207175, 7, 87, 10, NULL),
(182, 1, '2021-01-20 04:22:33', NULL, '2021-01-20 04:22:33', 24755, 11, 88, 39, NULL),
(183, 1, '2021-01-20 04:22:33', NULL, '2021-01-20 04:22:33', 39893, 8, 89, 13, NULL),
(184, 1, '2021-01-20 04:22:33', NULL, '2021-01-20 04:22:33', 300250, 8, 89, 3, NULL),
(185, 1, '2021-01-20 04:22:33', NULL, '2021-01-20 04:22:33', 15580, 15, 89, 42, NULL),
(186, 1, '2021-01-20 04:22:33', NULL, '2021-01-20 04:22:33', 220000, 6, 90, 6, NULL),
(187, 1, '2021-01-20 04:22:33', NULL, '2021-01-20 04:22:33', 51360, 5, 91, 14, NULL),
(188, 1, '2021-01-20 04:22:33', NULL, '2021-01-20 04:22:33', 220000, 6, 91, 6, NULL),
(189, 1, '2021-01-20 04:22:33', NULL, '2021-01-20 04:22:33', 42875, 4, 92, 35, NULL),
(190, 1, '2021-01-20 04:22:33', NULL, '2021-01-20 04:22:33', 42875, 4, 92, 35, NULL),
(191, 1, '2021-01-20 04:22:33', NULL, '2021-01-20 04:22:33', 14950, 11, 92, 43, NULL),
(192, 1, '2021-01-20 04:22:33', NULL, '2021-01-20 04:22:33', 24755, 11, 93, 39, NULL),
(193, 1, '2021-01-20 04:22:33', NULL, '2021-01-20 04:22:33', 54950, 6, 93, 24, NULL),
(194, 1, '2021-01-20 04:22:33', NULL, '2021-01-20 04:22:33', 86415, 5, 93, 19, NULL),
(195, 1, '2021-01-20 04:22:33', NULL, '2021-01-20 04:22:33', 24250, 9, 94, 38, NULL),
(196, 1, '2021-01-20 04:22:33', NULL, '2021-01-20 04:22:33', 220000, 6, 94, 6, NULL),
(197, 1, '2021-01-20 04:22:33', NULL, '2021-01-20 04:22:33', 300250, 8, 94, 3, NULL),
(198, 1, '2021-01-20 04:22:33', NULL, '2021-01-20 04:22:33', 51370, 7, 95, 31, NULL),
(199, 1, '2021-01-20 04:22:33', NULL, '2021-01-20 04:22:33', 16350, 15, 95, 45, NULL),
(200, 1, '2021-01-20 04:22:33', NULL, '2021-01-20 04:22:33', 85345, 9, 96, 17, NULL),
(201, 1, '2021-01-20 04:22:33', NULL, '2021-01-20 04:22:33', 39893, 8, 96, 13, NULL),
(202, 1, '2021-01-20 04:22:33', NULL, '2021-01-20 04:22:33', 86415, 5, 96, 19, NULL),
(203, 1, '2021-01-20 04:22:33', NULL, '2021-01-20 04:22:33', 42815, 8, 97, 11, NULL),
(204, 1, '2021-01-20 04:22:33', NULL, '2021-01-20 04:22:33', 220000, 6, 97, 6, NULL),
(205, 1, '2021-01-20 04:22:33', NULL, '2021-01-20 04:22:33', 207175, 7, 98, 10, NULL),
(206, 1, '2021-01-20 04:22:33', NULL, '2021-01-20 04:22:33', 64950, 4, 98, 22, NULL),
(207, 1, '2021-01-20 04:22:33', NULL, '2021-01-20 04:22:33', 57050, 6, 98, 21, NULL),
(208, 1, '2021-01-20 04:22:33', NULL, '2021-01-20 04:22:33', 58455, 7, 99, 20, NULL),
(209, 1, '2021-01-20 04:22:33', NULL, '2021-01-20 04:22:33', 64950, 4, 99, 22, NULL),
(210, 1, '2021-01-20 04:22:33', NULL, '2021-01-20 04:22:33', 23750, 14, 100, 40, NULL),
(211, 1, '2021-01-20 04:22:33', NULL, '2021-01-20 04:22:33', 207175, 7, 100, 10, NULL),
(212, 1, '2021-01-20 04:22:33', NULL, '2021-01-20 04:22:33', 58455, 7, 100, 20, NULL),
(213, 1, '2021-01-20 04:22:33', NULL, '2021-01-20 04:22:33', 207175, 7, 101, 10, NULL),
(214, 1, '2021-01-20 04:22:33', NULL, '2021-01-20 04:22:33', 24250, 9, 101, 38, NULL),
(215, 1, '2021-01-20 04:22:33', NULL, '2021-01-20 04:22:33', 142300, 8, 101, 27, NULL),
(216, 1, '2021-01-20 04:22:33', NULL, '2021-01-20 04:22:33', 64950, 4, 102, 22, NULL),
(217, 1, '2021-01-20 04:22:33', NULL, '2021-01-20 04:22:33', 39893, 8, 102, 13, NULL),
(218, 1, '2021-01-20 04:22:33', NULL, '2021-01-20 04:22:33', 14750, 16, 102, 41, NULL),
(219, 1, '2021-01-20 04:22:33', NULL, '2021-01-20 04:22:33', 230000, 7, 103, 5, NULL),
(220, 1, '2021-01-20 04:22:33', NULL, '2021-01-20 04:22:33', 42815, 8, 103, 11, NULL),
(221, 1, '2021-01-20 04:22:33', NULL, '2021-01-20 04:22:33', 46590, 4, 104, 16, NULL),
(222, 1, '2021-01-20 04:22:33', NULL, '2021-01-20 04:22:33', 64375, 8, 104, 30, NULL),
(223, 1, '2021-01-20 04:22:33', NULL, '2021-01-20 04:22:33', 64950, 4, 105, 22, NULL),
(224, 1, '2021-01-20 04:22:33', NULL, '2021-01-20 04:22:33', 64375, 8, 105, 30, NULL),
(225, 1, '2021-01-20 04:22:33', NULL, '2021-01-20 04:22:33', 59070, 6, 106, 29, NULL),
(226, 1, '2021-01-20 04:22:33', NULL, '2021-01-20 04:22:33', 51120, 5, 106, 37, NULL),
(227, 1, '2021-01-20 04:22:33', NULL, '2021-01-20 04:22:33', 86415, 5, 107, 19, NULL),
(228, 1, '2021-01-20 04:22:33', NULL, '2021-01-20 04:22:33', 46000, 7, 107, 36, NULL),
(229, 1, '2021-01-20 04:22:33', NULL, '2021-01-20 04:22:33', 300250, 8, 107, 3, NULL),
(230, 1, '2021-01-20 04:22:33', NULL, '2021-01-20 04:22:33', 59070, 6, 108, 29, NULL),
(231, 1, '2021-01-20 04:22:33', NULL, '2021-01-20 04:22:33', 39750, 7, 109, 32, NULL),
(232, 1, '2021-01-20 04:22:33', NULL, '2021-01-20 04:22:33', 46000, 7, 110, 36, NULL),
(233, 1, '2021-01-20 04:22:33', NULL, '2021-01-20 04:22:33', 220000, 6, 110, 6, NULL),
(234, 1, '2021-01-20 04:22:33', NULL, '2021-01-20 04:22:33', 300725, 8, 111, 1, NULL),
(235, 1, '2021-01-20 04:22:33', NULL, '2021-01-20 04:22:33', 215225, 7, 111, 8, NULL),
(236, 1, '2021-01-20 04:22:33', NULL, '2021-01-20 04:22:33', 111375, 6, 111, 26, NULL),
(237, 1, '2021-01-20 04:22:33', NULL, '2021-01-20 04:22:33', 24250, 9, 112, 38, NULL),
(238, 1, '2021-01-20 04:22:33', NULL, '2021-01-20 04:22:33', 39875, 5, 112, 12, NULL),
(239, 1, '2021-01-20 04:22:33', NULL, '2021-01-20 04:22:33', 84935, 4, 112, 18, NULL),
(240, 1, '2021-01-20 04:22:33', NULL, '2021-01-20 04:22:33', 64950, 4, 113, 22, NULL),
(241, 1, '2021-01-20 04:22:33', NULL, '2021-01-20 04:22:33', 51370, 7, 114, 31, NULL),
(242, 1, '2021-01-20 04:22:33', NULL, '2021-01-20 04:22:33', 234500, 7, 114, 7, NULL),
(243, 1, '2021-01-20 04:22:33', NULL, '2021-01-20 04:22:33', 51360, 5, 115, 14, NULL),
(244, 1, '2021-01-20 04:22:33', NULL, '2021-01-20 04:22:33', 64375, 8, 115, 30, NULL),
(245, 1, '2021-01-20 04:22:33', NULL, '2021-01-20 04:22:33', 234500, 7, 115, 7, NULL),
(246, 1, '2021-01-20 04:22:33', NULL, '2021-01-20 04:22:33', 300725, 8, 116, 1, NULL),
(247, 1, '2021-01-20 04:22:33', NULL, '2021-01-20 04:22:33', 14950, 11, 116, 43, NULL),
(248, 1, '2021-01-20 04:22:33', NULL, '2021-01-20 04:22:33', 45120, 6, 117, 34, NULL),
(249, 1, '2021-01-20 04:22:33', NULL, '2021-01-20 04:22:33', 51360, 5, 117, 14, NULL),
(250, 1, '2021-01-20 04:22:33', NULL, '2021-01-20 04:22:33', 64630, 9, 118, 15, NULL),
(251, 1, '2021-01-20 04:22:33', NULL, '2021-01-20 04:22:33', 14950, 11, 119, 43, NULL),
(252, 1, '2021-01-20 04:22:33', NULL, '2021-01-20 04:22:33', 142300, 8, 119, 27, NULL),
(253, 1, '2021-01-20 04:22:33', NULL, '2021-01-20 04:22:33', 46000, 7, 119, 36, NULL),
(254, 1, '2021-01-20 04:22:33', NULL, '2021-01-20 04:22:33', 24250, 9, 120, 38, NULL),
(255, 1, '2021-01-20 04:22:33', NULL, '2021-01-20 04:22:33', 59070, 6, 120, 29, NULL),
(256, 1, '2021-01-20 04:22:33', NULL, '2021-01-20 04:22:33', 64950, 4, 120, 22, NULL),
(257, 1, '2021-01-20 04:22:33', NULL, '2021-01-20 04:22:33', 300250, 8, 121, 3, NULL),
(258, 1, '2021-01-20 04:22:33', NULL, '2021-01-20 04:22:33', 14750, 16, 121, 41, NULL),
(259, 1, '2021-01-20 04:22:33', NULL, '2021-01-20 04:22:33', 15580, 15, 121, 42, NULL),
(260, 1, '2021-01-20 04:22:33', NULL, '2021-01-20 04:22:33', 58455, 7, 122, 20, NULL),
(261, 1, '2021-01-20 04:22:33', NULL, '2021-01-20 04:22:33', 111375, 6, 122, 26, NULL),
(262, 1, '2021-01-20 04:22:33', NULL, '2021-01-20 04:22:33', 207175, 7, 123, 10, NULL),
(263, 1, '2021-01-20 04:22:33', NULL, '2021-01-20 04:22:33', 86415, 5, 123, 19, NULL),
(264, 1, '2021-01-20 04:22:33', NULL, '2021-01-20 04:22:33', 45120, 6, 123, 34, NULL),
(265, 1, '2021-01-20 04:22:33', NULL, '2021-01-20 04:22:33', 111375, 6, 124, 26, NULL),
(266, 1, '2021-01-20 04:22:33', NULL, '2021-01-20 04:22:33', 207175, 7, 124, 10, NULL),
(267, 1, '2021-01-20 04:22:33', NULL, '2021-01-20 04:22:33', 235000, 9, 124, 4, NULL),
(268, 1, '2021-01-20 04:22:33', NULL, '2021-01-20 04:22:33', 128650, 5, 125, 28, NULL),
(269, 1, '2021-01-20 04:22:33', NULL, '2021-01-20 04:22:33', 39893, 8, 126, 13, NULL),
(270, 1, '2021-01-20 04:22:33', NULL, '2021-01-20 04:22:33', 39750, 7, 127, 32, NULL),
(271, 1, '2021-01-20 04:22:33', NULL, '2021-01-20 04:22:33', 66750, 7, 128, 25, NULL),
(272, 1, '2021-01-20 04:22:33', NULL, '2021-01-20 04:22:33', 111375, 6, 128, 26, NULL),
(273, 1, '2021-01-20 04:22:33', NULL, '2021-01-20 04:22:33', 231825, 9, 129, 2, NULL),
(274, 1, '2021-01-20 04:22:33', NULL, '2021-01-20 04:22:33', 24755, 11, 129, 39, NULL),
(275, 1, '2021-01-20 04:22:33', NULL, '2021-01-20 04:22:33', 59070, 6, 130, 29, NULL),
(276, 1, '2021-01-20 04:22:33', NULL, '2021-01-20 04:22:33', 128650, 5, 130, 28, NULL),
(277, 1, '2021-01-20 04:22:33', NULL, '2021-01-20 04:22:33', 23750, 14, 130, 40, NULL),
(278, 1, '2021-01-20 04:22:33', NULL, '2021-01-20 04:22:33', 181275, 9, 131, 9, NULL),
(279, 1, '2021-01-20 04:22:33', NULL, '2021-01-20 04:22:33', 16985, 14, 131, 46, NULL),
(280, 1, '2021-01-20 04:22:33', NULL, '2021-01-20 04:22:33', 84935, 4, 132, 18, NULL),
(281, 1, '2021-01-20 04:22:33', NULL, '2021-01-20 04:22:33', 51360, 5, 132, 14, NULL),
(282, 1, '2021-01-20 04:22:33', NULL, '2021-01-20 04:22:33', 16350, 15, 132, 45, NULL),
(283, 1, '2021-01-20 04:22:33', NULL, '2021-01-20 04:22:33', 42875, 4, 133, 35, NULL),
(284, 1, '2021-01-20 04:22:33', NULL, '2021-01-20 04:22:33', 39875, 5, 133, 12, NULL),
(285, 1, '2021-01-20 04:22:33', NULL, '2021-01-20 04:22:33', 58455, 7, 133, 20, NULL),
(286, 1, '2021-01-20 04:22:33', NULL, '2021-01-20 04:22:33', 39893, 8, 134, 13, NULL),
(287, 1, '2021-01-20 04:22:33', NULL, '2021-01-20 04:22:33', 142300, 8, 134, 27, NULL),
(288, 1, '2021-01-20 04:22:33', NULL, '2021-01-20 04:22:33', 54950, 6, 134, 24, NULL),
(289, 1, '2021-01-20 04:22:33', NULL, '2021-01-20 04:22:33', 54950, 6, 135, 24, NULL),
(290, 1, '2021-01-20 04:22:33', NULL, '2021-01-20 04:22:33', 42875, 4, 136, 35, NULL),
(291, 1, '2021-01-20 04:22:33', NULL, '2021-01-20 04:22:33', 24250, 9, 136, 38, NULL),
(292, 1, '2021-01-20 04:22:33', NULL, '2021-01-20 04:22:33', 56985, 7, 136, 23, NULL),
(293, 1, '2021-01-20 04:22:33', NULL, '2021-01-20 04:22:33', 230000, 7, 137, 5, NULL),
(294, 1, '2021-01-20 04:22:33', NULL, '2021-01-20 04:22:33', 51120, 5, 137, 37, NULL),
(295, 1, '2021-01-20 04:22:33', NULL, '2021-01-20 04:22:33', 16350, 15, 137, 45, NULL),
(296, 1, '2021-01-20 04:22:33', NULL, '2021-01-20 04:22:33', 24755, 11, 138, 39, NULL),
(297, 1, '2021-01-20 04:22:33', NULL, '2021-01-20 04:22:33', 24755, 11, 139, 39, NULL),
(298, 1, '2021-01-20 04:22:33', NULL, '2021-01-20 04:22:33', 64950, 4, 139, 22, NULL),
(299, 1, '2021-01-20 04:22:33', NULL, '2021-01-20 04:22:33', 14950, 11, 140, 43, NULL),
(300, 1, '2021-01-20 04:22:33', NULL, '2021-01-20 04:22:33', 300725, 8, 140, 1, NULL),
(301, 1, '2021-01-20 04:22:33', NULL, '2021-01-20 04:22:33', 15035, 13, 141, 44, NULL),
(302, 1, '2021-01-20 04:22:33', NULL, '2021-01-20 04:22:33', 42815, 8, 141, 11, NULL),
(303, 1, '2021-01-20 04:22:33', NULL, '2021-01-20 04:22:33', 39893, 8, 142, 13, NULL),
(304, 1, '2021-01-20 04:22:33', NULL, '2021-01-20 04:22:33', 300725, 8, 142, 1, NULL),
(305, 1, '2021-01-20 04:22:33', NULL, '2021-01-20 04:22:33', 46590, 4, 142, 16, NULL),
(306, 1, '2021-01-20 04:22:33', NULL, '2021-01-20 04:22:33', 39750, 7, 143, 32, NULL),
(307, 1, '2021-01-20 04:22:33', NULL, '2021-01-20 04:22:33', 64630, 9, 143, 15, NULL),
(308, 1, '2021-01-20 04:22:33', NULL, '2021-01-20 04:22:33', 45120, 6, 144, 34, NULL),
(309, 1, '2021-01-20 04:22:33', NULL, '2021-01-20 04:22:33', 128650, 5, 145, 28, NULL),
(310, 1, '2021-01-20 04:22:33', NULL, '2021-01-20 04:22:33', 14950, 11, 146, 43, NULL),
(311, 1, '2021-01-20 04:22:33', NULL, '2021-01-20 04:22:33', 54950, 6, 147, 24, NULL),
(312, 1, '2021-01-20 04:22:33', NULL, '2021-01-20 04:22:33', 46000, 7, 147, 36, NULL),
(313, 1, '2021-01-20 04:22:33', NULL, '2021-01-20 04:22:33', 46000, 7, 147, 36, NULL),
(314, 1, '2021-01-20 04:22:33', NULL, '2021-01-20 04:22:33', 230000, 7, 148, 5, NULL),
(315, 1, '2021-01-20 04:22:33', NULL, '2021-01-20 04:22:33', 16350, 15, 148, 45, NULL),
(316, 1, '2021-01-20 04:22:33', NULL, '2021-01-20 04:22:33', 51370, 7, 149, 31, NULL),
(317, 1, '2021-01-20 04:22:33', NULL, '2021-01-20 04:22:33', 231825, 9, 150, 2, NULL),
(318, 1, '2021-01-20 04:22:33', NULL, '2021-01-20 04:22:33', 128650, 5, 150, 28, NULL),
(319, 1, '2021-01-20 04:22:33', NULL, '2021-01-20 04:22:33', 46590, 4, 151, 16, NULL),
(320, 1, '2021-01-20 04:22:33', NULL, '2021-01-20 04:22:33', 44750, 5, 151, 33, NULL),
(321, 1, '2021-01-20 04:22:33', NULL, '2021-01-20 04:22:33', 142300, 8, 151, 27, NULL),
(322, 1, '2021-01-20 04:22:33', NULL, '2021-01-20 04:22:33', 44750, 5, 152, 33, NULL),
(323, 1, '2021-01-20 04:22:33', NULL, '2021-01-20 04:22:33', 58455, 7, 153, 20, NULL),
(324, 1, '2021-01-20 04:22:33', NULL, '2021-01-20 04:22:33', 64630, 9, 153, 15, NULL),
(325, 1, '2021-01-20 04:22:33', NULL, '2021-01-20 04:22:33', 128650, 5, 153, 28, NULL),
(326, 1, '2021-01-20 04:22:33', NULL, '2021-01-20 04:22:33', 46000, 7, 154, 36, NULL),
(327, 1, '2021-01-20 04:22:33', NULL, '2021-01-20 04:22:33', 15035, 13, 155, 44, NULL),
(328, 1, '2021-01-20 04:22:33', NULL, '2021-01-20 04:22:33', 64950, 4, 155, 22, NULL),
(329, 1, '2021-01-20 04:22:33', NULL, '2021-01-20 04:22:33', 16350, 15, 156, 45, NULL),
(330, 1, '2021-01-20 04:22:33', NULL, '2021-01-20 04:22:33', 86415, 5, 156, 19, NULL),
(331, 1, '2021-01-20 04:22:33', NULL, '2021-01-20 04:22:33', 230000, 7, 157, 5, NULL),
(332, 1, '2021-01-20 04:22:33', NULL, '2021-01-20 04:22:33', 84935, 4, 158, 18, NULL),
(333, 1, '2021-01-20 04:22:33', NULL, '2021-01-20 04:22:33', 57050, 6, 158, 21, NULL),
(334, 1, '2021-01-20 04:22:33', NULL, '2021-01-20 04:22:33', 16985, 14, 159, 46, NULL),
(335, 1, '2021-01-20 04:22:33', NULL, '2021-01-20 04:22:33', 14950, 11, 159, 43, NULL),
(336, 1, '2021-01-20 04:22:33', NULL, '2021-01-20 04:22:33', 15580, 15, 159, 42, NULL),
(337, 1, '2021-01-20 04:22:33', NULL, '2021-01-20 04:22:33', 234500, 7, 160, 7, NULL),
(338, 1, '2021-01-20 04:22:33', NULL, '2021-01-20 04:22:33', 86415, 5, 160, 19, NULL),
(339, 1, '2021-01-20 04:22:33', NULL, '2021-01-20 04:22:33', 235000, 9, 161, 4, NULL),
(340, 1, '2021-01-20 04:22:33', NULL, '2021-01-20 04:22:33', 230000, 7, 161, 5, NULL),
(341, 1, '2021-01-20 04:22:33', NULL, '2021-01-20 04:22:33', 46000, 7, 161, 36, NULL),
(342, 1, '2021-01-20 04:22:33', NULL, '2021-01-20 04:22:33', 85345, 9, 162, 17, NULL),
(343, 1, '2021-01-20 04:22:33', NULL, '2021-01-20 04:22:33', 235000, 9, 163, 4, NULL),
(344, 1, '2021-01-20 04:22:33', NULL, '2021-01-20 04:22:33', 51370, 7, 163, 31, NULL),
(345, 1, '2021-01-20 04:22:33', NULL, '2021-01-20 04:22:33', 234500, 7, 164, 7, NULL),
(346, 1, '2021-01-20 04:22:33', NULL, '2021-01-20 04:22:33', 64630, 9, 164, 15, NULL),
(347, 1, '2021-01-20 04:22:33', NULL, '2021-01-20 04:22:33', 85345, 9, 165, 17, NULL),
(348, 1, '2021-01-20 04:22:33', NULL, '2021-01-20 04:22:33', 66750, 7, 165, 25, NULL),
(349, 1, '2021-01-20 04:22:33', NULL, '2021-01-20 04:22:33', 15035, 13, 165, 44, NULL),
(350, 1, '2021-01-20 04:22:33', NULL, '2021-01-20 04:22:33', 85345, 9, 166, 17, NULL),
(351, 1, '2021-01-20 04:22:33', NULL, '2021-01-20 04:22:33', 54950, 6, 167, 24, NULL),
(352, 1, '2021-01-20 04:22:33', NULL, '2021-01-20 04:22:33', 181275, 9, 167, 9, NULL),
(353, 1, '2021-01-20 04:22:33', NULL, '2021-01-20 04:22:33', 14750, 16, 168, 41, NULL),
(354, 1, '2021-01-20 04:22:33', NULL, '2021-01-20 04:22:33', 54950, 6, 169, 24, NULL),
(355, 1, '2021-01-20 04:22:33', NULL, '2021-01-20 04:22:33', 46590, 4, 169, 16, NULL),
(356, 1, '2021-01-20 04:22:33', NULL, '2021-01-20 04:22:33', 215225, 7, 170, 8, NULL),
(357, 1, '2021-01-20 04:22:33', NULL, '2021-01-20 04:22:33', 300250, 8, 170, 3, NULL),
(358, 1, '2021-01-20 04:22:33', NULL, '2021-01-20 04:22:33', 56985, 7, 171, 23, NULL),
(359, 1, '2021-01-20 04:22:33', NULL, '2021-01-20 04:22:33', 51360, 5, 172, 14, NULL),
(360, 1, '2021-01-20 04:22:33', NULL, '2021-01-20 04:22:33', 45120, 6, 172, 34, NULL),
(361, 1, '2021-01-20 04:22:33', NULL, '2021-01-20 04:22:33', 16985, 14, 173, 46, NULL),
(362, 1, '2021-01-20 04:22:33', NULL, '2021-01-20 04:22:33', 51120, 5, 174, 37, NULL),
(363, 1, '2021-01-20 04:22:33', NULL, '2021-01-20 04:22:33', 64375, 8, 174, 30, NULL),
(364, 1, '2021-01-20 04:22:33', NULL, '2021-01-20 04:22:33', 24250, 9, 174, 38, NULL),
(365, 1, '2021-01-20 04:22:33', NULL, '2021-01-20 04:22:33', 207175, 7, 175, 10, NULL),
(366, 1, '2021-01-20 04:22:33', NULL, '2021-01-20 04:22:33', 23750, 14, 176, 40, NULL),
(367, 1, '2021-01-20 04:22:33', NULL, '2021-01-20 04:22:33', 39750, 7, 177, 32, NULL),
(368, 1, '2021-01-20 04:22:33', NULL, '2021-01-20 04:22:33', 16350, 15, 178, 45, NULL),
(369, 1, '2021-01-20 04:22:33', NULL, '2021-01-20 04:22:33', 23750, 14, 178, 40, NULL),
(370, 1, '2021-01-20 04:22:33', NULL, '2021-01-20 04:22:33', 51360, 5, 178, 14, NULL),
(371, 1, '2021-01-20 04:22:33', NULL, '2021-01-20 04:22:33', 15035, 13, 179, 44, NULL),
(372, 1, '2021-01-20 04:22:33', NULL, '2021-01-20 04:22:33', 46000, 7, 179, 36, NULL),
(373, 1, '2021-01-20 04:22:33', NULL, '2021-01-20 04:22:33', 51360, 5, 179, 14, NULL),
(374, 1, '2021-01-20 04:22:33', NULL, '2021-01-20 04:22:33', 84935, 4, 180, 18, NULL),
(375, 1, '2021-01-20 04:22:33', NULL, '2021-01-20 04:22:33', 39875, 5, 180, 12, NULL),
(376, 1, '2021-01-20 04:22:33', NULL, '2021-01-20 04:22:33', 235000, 9, 180, 4, NULL),
(377, 1, '2021-01-20 04:22:33', NULL, '2021-01-20 04:22:33', 128650, 5, 181, 28, NULL),
(378, 1, '2021-01-20 04:22:33', NULL, '2021-01-20 04:22:33', 64375, 8, 182, 30, NULL),
(379, 1, '2021-01-20 04:22:33', NULL, '2021-01-20 04:22:33', 234500, 7, 182, 7, NULL),
(380, 1, '2021-01-20 04:22:33', NULL, '2021-01-20 04:22:33', 142300, 8, 183, 27, NULL),
(381, 1, '2021-01-20 04:22:33', NULL, '2021-01-20 04:22:33', 59070, 6, 183, 29, NULL),
(382, 1, '2021-01-20 04:22:33', NULL, '2021-01-20 04:22:33', 16985, 14, 184, 46, NULL),
(383, 1, '2021-01-20 04:22:33', NULL, '2021-01-20 04:22:33', 207175, 7, 185, 10, NULL),
(384, 1, '2021-01-20 04:22:33', NULL, '2021-01-20 04:22:33', 16350, 15, 186, 45, NULL),
(385, 1, '2021-01-20 04:22:33', NULL, '2021-01-20 04:22:33', 207175, 7, 186, 10, NULL),
(386, 1, '2021-01-20 04:22:33', NULL, '2021-01-20 04:22:33', 64630, 9, 186, 15, NULL),
(387, 1, '2021-01-20 04:22:33', NULL, '2021-01-20 04:22:33', 39893, 8, 187, 13, NULL),
(388, 1, '2021-01-20 04:22:33', NULL, '2021-01-20 04:22:33', 59070, 6, 187, 29, NULL),
(389, 1, '2021-01-20 04:22:33', NULL, '2021-01-20 04:22:33', 85345, 9, 188, 17, NULL),
(390, 1, '2021-01-20 04:22:33', NULL, '2021-01-20 04:22:33', 51120, 5, 188, 37, NULL),
(391, 1, '2021-01-20 04:22:33', NULL, '2021-01-20 04:22:33', 111375, 6, 189, 26, NULL),
(392, 1, '2021-01-20 04:22:33', NULL, '2021-01-20 04:22:33', 39875, 5, 190, 12, NULL),
(393, 1, '2021-01-20 04:22:33', NULL, '2021-01-20 04:22:33', 64375, 8, 190, 30, NULL),
(394, 1, '2021-01-20 04:22:33', NULL, '2021-01-20 04:22:33', 56985, 7, 191, 23, NULL),
(395, 1, '2021-01-20 04:22:33', NULL, '2021-01-20 04:22:33', 16350, 15, 191, 45, NULL),
(396, 1, '2021-01-20 04:22:33', NULL, '2021-01-20 04:22:33', 142300, 8, 191, 27, NULL),
(397, 1, '2021-01-20 04:22:33', NULL, '2021-01-20 04:22:33', 57050, 6, 192, 21, NULL),
(398, 1, '2021-01-20 04:22:33', NULL, '2021-01-20 04:22:33', 181275, 9, 192, 9, NULL),
(399, 1, '2021-01-20 04:22:33', NULL, '2021-01-20 04:22:33', 51360, 5, 192, 14, NULL),
(400, 1, '2021-01-20 04:22:33', NULL, '2021-01-20 04:22:33', 142300, 8, 193, 27, NULL),
(401, 1, '2021-01-20 04:22:33', NULL, '2021-01-20 04:22:33', 39893, 8, 193, 13, NULL),
(402, 1, '2021-01-20 04:22:33', NULL, '2021-01-20 04:22:33', 207175, 7, 193, 10, NULL),
(403, 1, '2021-01-20 04:22:33', NULL, '2021-01-20 04:22:33', 85345, 9, 194, 17, NULL),
(404, 1, '2021-01-20 04:22:33', NULL, '2021-01-20 04:22:33', 51360, 5, 194, 14, NULL),
(405, 1, '2021-01-20 04:22:33', NULL, '2021-01-20 04:22:33', 58455, 7, 195, 20, NULL),
(406, 1, '2021-01-20 04:22:33', NULL, '2021-01-20 04:22:33', 181275, 9, 195, 9, NULL),
(407, 1, '2021-01-20 04:22:33', NULL, '2021-01-20 04:22:33', 51120, 5, 195, 37, NULL),
(408, 1, '2021-01-20 04:22:33', NULL, '2021-01-20 04:22:33', 46590, 4, 196, 16, NULL),
(409, 1, '2021-01-20 04:22:33', NULL, '2021-01-20 04:22:33', 215225, 7, 196, 8, NULL),
(410, 1, '2021-01-20 04:22:33', NULL, '2021-01-20 04:22:33', 59070, 6, 196, 29, NULL),
(411, 1, '2021-01-20 04:22:33', NULL, '2021-01-20 04:22:33', 84935, 4, 197, 18, NULL),
(412, 1, '2021-01-20 04:22:33', NULL, '2021-01-20 04:22:33', 39875, 5, 198, 12, NULL),
(413, 1, '2021-01-20 04:22:33', NULL, '2021-01-20 04:22:33', 15580, 15, 198, 42, NULL),
(414, 1, '2021-01-20 04:22:33', NULL, '2021-01-20 04:22:33', 230000, 7, 199, 5, NULL),
(415, 1, '2021-01-20 04:22:33', NULL, '2021-01-20 04:22:33', 230000, 7, 199, 5, NULL),
(416, 1, '2021-01-20 04:22:33', NULL, '2021-01-20 04:22:33', 234500, 7, 199, 7, NULL),
(417, 1, '2021-01-20 04:22:33', NULL, '2021-01-20 04:22:33', 44750, 5, 200, 33, NULL),
(418, 1, '2021-01-20 04:22:33', NULL, '2021-01-20 04:22:33', 46590, 4, 201, 16, NULL),
(419, 1, '2021-01-20 04:22:33', NULL, '2021-01-20 04:22:33', 42875, 4, 201, 35, NULL),
(420, 1, '2021-01-20 04:22:33', NULL, '2021-01-20 04:22:33', 231825, 9, 201, 2, NULL),
(421, 1, '2021-01-20 04:22:33', NULL, '2021-01-20 04:22:33', 59070, 6, 202, 29, NULL),
(422, 1, '2021-01-20 04:22:33', NULL, '2021-01-20 04:22:33', 42815, 8, 202, 11, NULL),
(423, 1, '2021-01-20 04:22:33', NULL, '2021-01-20 04:22:33', 46000, 7, 203, 36, NULL),
(424, 1, '2021-01-20 04:22:33', NULL, '2021-01-20 04:22:33', 234500, 7, 203, 7, NULL),
(425, 1, '2021-01-20 04:22:33', NULL, '2021-01-20 04:22:33', 66750, 7, 204, 25, NULL),
(426, 1, '2021-01-20 04:22:33', NULL, '2021-01-20 04:22:33', 51360, 5, 204, 14, NULL),
(427, 1, '2021-01-20 04:22:33', NULL, '2021-01-20 04:22:33', 15580, 15, 205, 42, NULL),
(428, 1, '2021-01-20 04:22:33', NULL, '2021-01-20 04:22:33', 15035, 13, 205, 44, NULL),
(429, 1, '2021-01-20 04:22:33', NULL, '2021-01-20 04:22:33', 215225, 7, 205, 8, NULL),
(430, 1, '2021-01-20 04:22:33', NULL, '2021-01-20 04:22:33', 58455, 7, 206, 20, NULL),
(431, 1, '2021-01-20 04:22:33', NULL, '2021-01-20 04:22:33', 230000, 7, 206, 5, NULL),
(432, 1, '2021-01-20 04:22:33', NULL, '2021-01-20 04:22:33', 42875, 4, 206, 35, NULL),
(433, 1, '2021-01-20 04:22:33', NULL, '2021-01-20 04:22:33', 46000, 7, 207, 36, NULL),
(434, 1, '2021-01-20 04:22:33', NULL, '2021-01-20 04:22:33', 84935, 4, 208, 18, NULL),
(435, 1, '2021-01-20 04:22:33', NULL, '2021-01-20 04:22:33', 51370, 7, 208, 31, NULL),
(436, 1, '2021-01-20 04:22:33', NULL, '2021-01-20 04:22:33', 111375, 6, 208, 26, NULL),
(437, 1, '2021-01-20 04:22:33', NULL, '2021-01-20 04:22:33', 56985, 7, 209, 23, NULL),
(438, 1, '2021-01-20 04:22:33', NULL, '2021-01-20 04:22:33', 220000, 6, 209, 6, NULL),
(439, 1, '2021-01-20 04:22:33', NULL, '2021-01-20 04:22:33', 230000, 7, 210, 5, NULL),
(440, 1, '2021-01-20 04:22:33', NULL, '2021-01-20 04:22:33', 39893, 8, 211, 13, NULL),
(441, 1, '2021-01-20 04:22:33', NULL, '2021-01-20 04:22:33', 14750, 16, 211, 41, NULL),
(442, 1, '2021-01-20 04:22:33', NULL, '2021-01-20 04:22:33', 23750, 14, 212, 40, NULL),
(443, 1, '2021-01-20 04:22:33', NULL, '2021-01-20 04:22:33', 84935, 4, 212, 18, NULL),
(444, 1, '2021-01-20 04:22:33', NULL, '2021-01-20 04:22:33', 16350, 15, 213, 45, NULL),
(445, 1, '2021-01-20 04:22:33', NULL, '2021-01-20 04:22:33', 46590, 4, 213, 16, NULL),
(446, 1, '2021-01-20 04:22:33', NULL, '2021-01-20 04:22:33', 64630, 9, 214, 15, NULL),
(447, 1, '2021-01-20 04:22:33', NULL, '2021-01-20 04:22:33', 142300, 8, 215, 27, NULL),
(448, 1, '2021-01-20 04:22:33', NULL, '2021-01-20 04:22:33', 86415, 5, 216, 19, NULL),
(449, 1, '2021-01-20 04:22:33', NULL, '2021-01-20 04:22:33', 14750, 16, 216, 41, NULL),
(450, 1, '2021-01-20 04:22:33', NULL, '2021-01-20 04:22:33', 16985, 14, 217, 46, NULL),
(451, 1, '2021-01-20 04:22:33', NULL, '2021-01-20 04:22:33', 39875, 5, 217, 12, NULL),
(452, 1, '2021-01-20 04:22:33', NULL, '2021-01-20 04:22:33', 64950, 4, 217, 22, NULL),
(453, 1, '2021-01-20 04:22:33', NULL, '2021-01-20 04:22:33', 51370, 7, 218, 31, NULL),
(454, 1, '2021-01-20 04:22:33', NULL, '2021-01-20 04:22:33', 128650, 5, 219, 28, NULL),
(455, 1, '2021-01-20 04:22:33', NULL, '2021-01-20 04:22:33', 220000, 6, 220, 6, NULL),
(456, 1, '2021-01-20 04:22:33', NULL, '2021-01-20 04:22:33', 181275, 9, 220, 9, NULL),
(457, 1, '2021-01-20 04:22:33', NULL, '2021-01-20 04:22:33', 85345, 9, 220, 17, NULL),
(458, 1, '2021-01-20 04:22:33', NULL, '2021-01-20 04:22:33', 234500, 7, 221, 7, NULL),
(459, 1, '2021-01-20 04:22:33', NULL, '2021-01-20 04:22:33', 46000, 7, 221, 36, NULL),
(460, 1, '2021-01-20 04:22:33', NULL, '2021-01-20 04:22:33', 231825, 9, 221, 2, NULL),
(461, 1, '2021-01-20 04:22:33', NULL, '2021-01-20 04:22:33', 111375, 6, 222, 26, NULL),
(462, 1, '2021-01-20 04:22:33', NULL, '2021-01-20 04:22:33', 15580, 15, 223, 42, NULL),
(463, 1, '2021-01-20 04:22:33', NULL, '2021-01-20 04:22:33', 51120, 5, 223, 37, NULL),
(464, 1, '2021-01-20 04:22:33', NULL, '2021-01-20 04:22:33', 51120, 5, 223, 37, NULL),
(465, 1, '2021-01-20 04:22:33', NULL, '2021-01-20 04:22:33', 24755, 11, 224, 39, NULL),
(466, 1, '2021-01-20 04:22:33', NULL, '2021-01-20 04:22:33', 142300, 8, 225, 27, NULL),
(467, 1, '2021-01-20 04:22:33', NULL, '2021-01-20 04:22:33', 23750, 14, 225, 40, NULL),
(468, 1, '2021-01-20 04:22:33', NULL, '2021-01-20 04:22:33', 230000, 7, 225, 5, NULL),
(469, 1, '2021-01-20 04:22:33', NULL, '2021-01-20 04:22:33', 207175, 7, 226, 10, NULL),
(470, 1, '2021-01-20 04:22:33', NULL, '2021-01-20 04:22:33', 14750, 16, 227, 41, NULL),
(471, 1, '2021-01-20 04:22:33', NULL, '2021-01-20 04:22:33', 64950, 4, 228, 22, NULL),
(472, 1, '2021-01-20 04:22:33', NULL, '2021-01-20 04:22:33', 64630, 9, 228, 15, NULL),
(473, 1, '2021-01-20 04:22:33', NULL, '2021-01-20 04:22:33', 207175, 7, 228, 10, NULL),
(474, 1, '2021-01-20 04:22:33', NULL, '2021-01-20 04:22:33', 16350, 15, 229, 45, NULL),
(475, 1, '2021-01-20 04:22:33', NULL, '2021-01-20 04:22:33', 231825, 9, 229, 2, NULL),
(476, 1, '2021-01-20 04:22:33', NULL, '2021-01-20 04:22:33', 39875, 5, 229, 12, NULL),
(477, 1, '2021-01-20 04:22:33', NULL, '2021-01-20 04:22:33', 300250, 8, 230, 3, NULL),
(478, 1, '2021-01-20 04:22:33', NULL, '2021-01-20 04:22:33', 42815, 8, 230, 11, NULL),
(479, 1, '2021-01-20 04:22:33', NULL, '2021-01-20 04:22:33', 111375, 6, 230, 26, NULL),
(480, 1, '2021-01-20 04:22:33', NULL, '2021-01-20 04:22:33', 128650, 5, 231, 28, NULL),
(481, 1, '2021-01-20 04:22:33', NULL, '2021-01-20 04:22:33', 14750, 16, 231, 41, NULL),
(482, 1, '2021-01-20 04:22:33', NULL, '2021-01-20 04:22:33', 235000, 9, 231, 4, NULL),
(483, 1, '2021-01-20 04:22:33', NULL, '2021-01-20 04:22:33', 64375, 8, 232, 30, NULL),
(484, 1, '2021-01-20 04:22:33', NULL, '2021-01-20 04:22:33', 56985, 7, 233, 23, NULL),
(485, 1, '2021-01-20 04:22:33', NULL, '2021-01-20 04:22:33', 128650, 5, 234, 28, NULL),
(486, 1, '2021-01-20 04:22:33', NULL, '2021-01-20 04:22:33', 42815, 8, 235, 11, NULL),
(487, 1, '2021-01-20 04:22:33', NULL, '2021-01-20 04:22:33', 220000, 6, 235, 6, NULL),
(488, 1, '2021-01-20 04:22:33', NULL, '2021-01-20 04:22:33', 24250, 9, 236, 38, NULL),
(489, 1, '2021-01-20 04:22:33', NULL, '2021-01-20 04:22:33', 64950, 4, 236, 22, NULL),
(490, 1, '2021-01-20 04:22:33', NULL, '2021-01-20 04:22:33', 46000, 7, 237, 36, NULL),
(491, 1, '2021-01-20 04:22:33', NULL, '2021-01-20 04:22:33', 86415, 5, 237, 19, NULL),
(492, 1, '2021-01-20 04:22:33', NULL, '2021-01-20 04:22:33', 235000, 9, 238, 4, NULL),
(493, 1, '2021-01-20 04:22:33', NULL, '2021-01-20 04:22:33', 39893, 8, 239, 13, NULL),
(494, 1, '2021-01-20 04:22:33', NULL, '2021-01-20 04:22:33', 39893, 8, 239, 13, NULL),
(495, 1, '2021-01-20 04:22:33', NULL, '2021-01-20 04:22:33', 39750, 7, 239, 32, NULL),
(496, 1, '2021-01-20 04:22:33', NULL, '2021-01-20 04:22:33', 46000, 7, 240, 36, NULL),
(497, 1, '2021-01-20 04:22:33', NULL, '2021-01-20 04:22:33', 51360, 5, 240, 14, NULL),
(498, 1, '2021-01-20 04:22:33', NULL, '2021-01-20 04:22:33', 220000, 6, 240, 6, NULL),
(499, 1, '2021-01-20 04:22:33', NULL, '2021-01-20 04:22:33', 42875, 4, 241, 35, NULL),
(500, 1, '2021-01-20 04:22:33', NULL, '2021-01-20 04:22:33', 39750, 7, 242, 32, NULL),
(501, 1, '2021-01-20 04:22:33', NULL, '2021-01-20 04:22:33', 45120, 6, 243, 34, NULL),
(502, 1, '2021-01-20 04:22:33', NULL, '2021-01-20 04:22:33', 51120, 5, 243, 37, NULL),
(503, 1, '2021-01-20 04:22:33', NULL, '2021-01-20 04:22:33', 54950, 6, 244, 24, NULL),
(504, 1, '2021-01-20 04:22:33', NULL, '2021-01-20 04:22:33', 45120, 6, 244, 34, NULL),
(505, 1, '2021-01-20 04:22:33', NULL, '2021-01-20 04:22:33', 39750, 7, 244, 32, NULL),
(506, 1, '2021-01-20 04:22:33', NULL, '2021-01-20 04:22:33', 142300, 8, 245, 27, NULL),
(507, 1, '2021-01-20 04:22:33', NULL, '2021-01-20 04:22:33', 44750, 5, 245, 33, NULL),
(508, 1, '2021-01-20 04:22:33', NULL, '2021-01-20 04:22:33', 235000, 9, 246, 4, NULL),
(509, 1, '2021-01-20 04:22:33', NULL, '2021-01-20 04:22:33', 14950, 11, 246, 43, NULL),
(510, 1, '2021-01-20 04:22:33', NULL, '2021-01-20 04:22:33', 14750, 16, 247, 41, NULL),
(511, 1, '2021-01-20 04:22:33', NULL, '2021-01-20 04:22:33', 39750, 7, 247, 32, NULL),
(512, 1, '2021-01-20 04:22:33', NULL, '2021-01-20 04:22:33', 207175, 7, 248, 10, NULL),
(513, 1, '2021-01-20 04:22:33', NULL, '2021-01-20 04:22:33', 46000, 7, 248, 36, NULL),
(514, 1, '2021-01-20 04:22:33', NULL, '2021-01-20 04:22:33', 42815, 8, 249, 11, NULL),
(515, 1, '2021-01-20 04:22:33', NULL, '2021-01-20 04:22:33', 24755, 11, 250, 39, NULL),
(516, 1, '2021-01-20 04:22:33', NULL, '2021-01-20 04:22:33', 64375, 8, 251, 30, NULL),
(517, 1, '2021-01-20 04:22:33', NULL, '2021-01-20 04:22:33', 39875, 5, 251, 12, NULL),
(518, 1, '2021-01-20 04:22:33', NULL, '2021-01-20 04:22:33', 14950, 11, 252, 43, NULL),
(519, 1, '2021-01-20 04:22:33', NULL, '2021-01-20 04:22:33', 51120, 5, 253, 37, NULL),
(520, 1, '2021-01-20 04:22:33', NULL, '2021-01-20 04:22:33', 15580, 15, 253, 42, NULL),
(521, 1, '2021-01-20 04:22:33', NULL, '2021-01-20 04:22:33', 215225, 7, 253, 8, NULL),
(522, 1, '2021-01-20 04:22:33', NULL, '2021-01-20 04:22:33', 39875, 5, 254, 12, NULL),
(523, 1, '2021-01-20 04:22:33', NULL, '2021-01-20 04:22:33', 57050, 6, 255, 21, NULL),
(524, 1, '2021-01-20 04:22:33', NULL, '2021-01-20 04:22:33', 39750, 7, 255, 32, NULL),
(525, 1, '2021-01-20 04:22:33', NULL, '2021-01-20 04:22:33', 44750, 5, 255, 33, NULL),
(526, 1, '2021-01-20 04:22:33', NULL, '2021-01-20 04:22:33', 111375, 6, 256, 26, NULL),
(527, 1, '2021-01-20 04:22:33', NULL, '2021-01-20 04:22:33', 14750, 16, 256, 41, NULL),
(528, 1, '2021-01-20 04:22:33', NULL, '2021-01-20 04:22:33', 66750, 7, 256, 25, NULL),
(529, 1, '2021-01-20 04:22:33', NULL, '2021-01-20 04:22:33', 15580, 15, 257, 42, NULL),
(530, 1, '2021-01-20 04:22:33', NULL, '2021-01-20 04:22:33', 300250, 8, 257, 3, NULL),
(531, 1, '2021-01-20 04:22:33', NULL, '2021-01-20 04:22:33', 215225, 7, 257, 8, NULL),
(532, 1, '2021-01-20 04:22:33', NULL, '2021-01-20 04:22:33', 57050, 6, 258, 21, NULL),
(533, 1, '2021-01-20 04:22:33', NULL, '2021-01-20 04:22:33', 42815, 8, 258, 11, NULL),
(534, 1, '2021-01-20 04:22:33', NULL, '2021-01-20 04:22:33', 64950, 4, 259, 22, NULL),
(535, 1, '2021-01-20 04:22:33', NULL, '2021-01-20 04:22:33', 58455, 7, 259, 20, NULL),
(536, 1, '2021-01-20 04:22:33', NULL, '2021-01-20 04:22:33', 235000, 9, 259, 4, NULL),
(537, 1, '2021-01-20 04:22:33', NULL, '2021-01-20 04:22:33', 16350, 15, 260, 45, NULL),
(538, 1, '2021-01-20 04:22:33', NULL, '2021-01-20 04:22:33', 64630, 9, 260, 15, NULL),
(539, 1, '2021-01-20 04:22:33', NULL, '2021-01-20 04:22:33', 207175, 7, 260, 10, NULL),
(540, 1, '2021-01-20 04:22:33', NULL, '2021-01-20 04:22:33', 66750, 7, 261, 25, NULL),
(541, 1, '2021-01-20 04:22:33', NULL, '2021-01-20 04:22:33', 64950, 4, 262, 22, NULL),
(542, 1, '2021-01-20 04:22:33', NULL, '2021-01-20 04:22:33', 64375, 8, 263, 30, NULL),
(543, 1, '2021-01-20 04:22:33', NULL, '2021-01-20 04:22:33', 207175, 7, 264, 10, NULL),
(544, 1, '2021-01-20 04:22:33', NULL, '2021-01-20 04:22:33', 24755, 11, 264, 39, NULL),
(545, 1, '2021-01-20 04:22:33', NULL, '2021-01-20 04:22:33', 16985, 14, 264, 46, NULL),
(546, 1, '2021-01-20 04:22:33', NULL, '2021-01-20 04:22:33', 220000, 6, 265, 6, NULL),
(547, 1, '2021-01-20 04:22:33', NULL, '2021-01-20 04:22:33', 57050, 6, 265, 21, NULL),
(548, 1, '2021-01-20 04:22:33', NULL, '2021-01-20 04:22:33', 39893, 8, 266, 13, NULL),
(549, 1, '2021-01-20 04:22:33', NULL, '2021-01-20 04:22:33', 181275, 9, 267, 9, NULL),
(550, 1, '2021-01-20 04:22:34', NULL, '2021-01-20 04:22:34', 235000, 9, 268, 4, NULL),
(551, 1, '2021-01-20 04:22:34', NULL, '2021-01-20 04:22:34', 56985, 7, 268, 23, NULL),
(552, 1, '2021-01-20 04:22:34', NULL, '2021-01-20 04:22:34', 64630, 9, 269, 15, NULL),
(553, 1, '2021-01-20 04:22:34', NULL, '2021-01-20 04:22:34', 16985, 14, 269, 46, NULL),
(554, 1, '2021-01-20 04:22:34', NULL, '2021-01-20 04:22:34', 42815, 8, 269, 11, NULL),
(555, 1, '2021-01-20 04:22:34', NULL, '2021-01-20 04:22:34', 215225, 7, 270, 8, NULL),
(556, 1, '2021-01-20 04:22:34', NULL, '2021-01-20 04:22:34', 142300, 8, 271, 27, NULL),
(557, 1, '2021-01-20 04:22:34', NULL, '2021-01-20 04:22:34', 181275, 9, 271, 9, NULL),
(558, 1, '2021-01-20 04:22:34', NULL, '2021-01-20 04:22:34', 39750, 7, 272, 32, NULL),
(559, 1, '2021-01-20 04:22:34', NULL, '2021-01-20 04:22:34', 23750, 14, 272, 40, NULL),
(560, 1, '2021-01-20 04:22:34', NULL, '2021-01-20 04:22:34', 24755, 11, 272, 39, NULL),
(561, 1, '2021-01-20 04:22:34', NULL, '2021-01-20 04:22:34', 234500, 7, 273, 7, NULL),
(562, 1, '2021-01-20 04:22:34', NULL, '2021-01-20 04:22:34', 300250, 8, 273, 3, NULL),
(563, 1, '2021-01-20 04:22:34', NULL, '2021-01-20 04:22:34', 54950, 6, 273, 24, NULL),
(564, 1, '2021-01-20 04:22:34', NULL, '2021-01-20 04:22:34', 46000, 7, 274, 36, NULL),
(565, 1, '2021-01-20 04:22:34', NULL, '2021-01-20 04:22:34', 86415, 5, 275, 19, NULL),
(566, 1, '2021-01-20 04:22:34', NULL, '2021-01-20 04:22:34', 42875, 4, 275, 35, NULL),
(567, 1, '2021-01-20 04:22:34', NULL, '2021-01-20 04:22:34', 111375, 6, 275, 26, NULL),
(568, 1, '2021-01-20 04:22:34', NULL, '2021-01-20 04:22:34', 46000, 7, 276, 36, NULL),
(569, 1, '2021-01-20 04:22:34', NULL, '2021-01-20 04:22:34', 44750, 5, 277, 33, NULL),
(570, 1, '2021-01-20 04:22:34', NULL, '2021-01-20 04:22:34', 42875, 4, 278, 35, NULL),
(571, 1, '2021-01-20 04:22:34', NULL, '2021-01-20 04:22:34', 39750, 7, 278, 32, NULL),
(572, 1, '2021-01-20 04:22:34', NULL, '2021-01-20 04:22:34', 39893, 8, 278, 13, NULL),
(573, 1, '2021-01-20 04:22:34', NULL, '2021-01-20 04:22:34', 15035, 13, 279, 44, NULL),
(574, 1, '2021-01-20 04:22:34', NULL, '2021-01-20 04:22:34', 51360, 5, 279, 14, NULL),
(575, 1, '2021-01-20 04:22:34', NULL, '2021-01-20 04:22:34', 220000, 6, 280, 6, NULL),
(576, 1, '2021-01-20 04:22:34', NULL, '2021-01-20 04:22:34', 39893, 8, 281, 13, NULL),
(577, 1, '2021-01-20 04:22:34', NULL, '2021-01-20 04:22:34', 51370, 7, 281, 31, NULL),
(578, 1, '2021-01-20 04:22:34', NULL, '2021-01-20 04:22:34', 235000, 9, 282, 4, NULL),
(579, 1, '2021-01-20 04:22:34', NULL, '2021-01-20 04:22:34', 142300, 8, 282, 27, NULL),
(580, 1, '2021-01-20 04:22:34', NULL, '2021-01-20 04:22:34', 44750, 5, 283, 33, NULL),
(581, 1, '2021-01-20 04:22:34', NULL, '2021-01-20 04:22:34', 58455, 7, 283, 20, NULL),
(582, 1, '2021-01-20 04:22:34', NULL, '2021-01-20 04:22:34', 300250, 8, 283, 3, NULL),
(583, 1, '2021-01-20 04:22:34', NULL, '2021-01-20 04:22:34', 46000, 7, 284, 36, NULL),
(584, 1, '2021-01-20 04:22:34', NULL, '2021-01-20 04:22:34', 64950, 4, 284, 22, NULL),
(585, 1, '2021-01-20 04:22:34', NULL, '2021-01-20 04:22:34', 66750, 7, 284, 25, NULL),
(586, 1, '2021-01-20 04:22:34', NULL, '2021-01-20 04:22:34', 66750, 7, 285, 25, NULL),
(587, 1, '2021-01-20 04:22:34', NULL, '2021-01-20 04:22:34', 44750, 5, 286, 33, NULL),
(588, 1, '2021-01-20 04:22:34', NULL, '2021-01-20 04:22:34', 42815, 8, 286, 11, NULL);
INSERT INTO `bill_detail` (`id`, `active`, `created_at`, `description`, `updated_at`, `price`, `quantity`, `bill_id`, `car_id`, `coupon_id`) VALUES
(589, 1, '2021-01-20 04:22:34', NULL, '2021-01-20 04:22:34', 59070, 6, 287, 29, NULL),
(590, 1, '2021-01-20 04:22:34', NULL, '2021-01-20 04:22:34', 207175, 7, 287, 10, NULL),
(591, 1, '2021-01-20 04:22:34', NULL, '2021-01-20 04:22:34', 46590, 4, 287, 16, NULL),
(592, 1, '2021-01-20 04:22:34', NULL, '2021-01-20 04:22:34', 14950, 11, 288, 43, NULL),
(593, 1, '2021-01-20 04:22:34', NULL, '2021-01-20 04:22:34', 44750, 5, 288, 33, NULL),
(594, 1, '2021-01-20 04:22:34', NULL, '2021-01-20 04:22:34', 16350, 15, 289, 45, NULL),
(595, 1, '2021-01-20 04:22:34', NULL, '2021-01-20 04:22:34', 51120, 5, 290, 37, NULL),
(596, 1, '2021-01-20 04:22:34', NULL, '2021-01-20 04:22:34', 42875, 4, 290, 35, NULL),
(597, 1, '2021-01-20 04:22:34', NULL, '2021-01-20 04:22:34', 16350, 15, 290, 45, NULL),
(598, 1, '2021-01-20 04:22:34', NULL, '2021-01-20 04:22:34', 46000, 7, 291, 36, NULL),
(599, 1, '2021-01-20 04:22:34', NULL, '2021-01-20 04:22:34', 300725, 8, 291, 1, NULL),
(600, 1, '2021-01-20 04:22:34', NULL, '2021-01-20 04:22:34', 220000, 6, 291, 6, NULL),
(601, 1, '2021-01-20 04:22:34', NULL, '2021-01-20 04:22:34', 111375, 6, 292, 26, NULL),
(602, 1, '2021-01-20 04:22:34', NULL, '2021-01-20 04:22:34', 15580, 15, 292, 42, NULL),
(603, 1, '2021-01-20 04:22:34', NULL, '2021-01-20 04:22:34', 56985, 7, 292, 23, NULL),
(604, 1, '2021-01-20 04:22:34', NULL, '2021-01-20 04:22:34', 24250, 9, 293, 38, NULL),
(605, 1, '2021-01-20 04:22:34', NULL, '2021-01-20 04:22:34', 207175, 7, 293, 10, NULL),
(606, 1, '2021-01-20 04:22:34', NULL, '2021-01-20 04:22:34', 24250, 9, 293, 38, NULL),
(607, 1, '2021-01-20 04:22:34', NULL, '2021-01-20 04:22:34', 46000, 7, 294, 36, NULL),
(608, 1, '2021-01-20 04:22:34', NULL, '2021-01-20 04:22:34', 128650, 5, 294, 28, NULL),
(609, 1, '2021-01-20 04:22:34', NULL, '2021-01-20 04:22:34', 46590, 4, 295, 16, NULL),
(610, 1, '2021-01-20 04:22:34', NULL, '2021-01-20 04:22:34', 15035, 13, 295, 44, NULL),
(611, 1, '2021-01-20 04:22:34', NULL, '2021-01-20 04:22:34', 16350, 15, 296, 45, NULL),
(612, 1, '2021-01-20 04:22:34', NULL, '2021-01-20 04:22:34', 15580, 15, 296, 42, NULL),
(613, 1, '2021-01-20 04:22:34', NULL, '2021-01-20 04:22:34', 300250, 8, 297, 3, NULL),
(614, 1, '2021-01-20 04:22:34', NULL, '2021-01-20 04:22:34', 51120, 5, 298, 37, NULL),
(615, 1, '2021-01-20 04:22:34', NULL, '2021-01-20 04:22:34', 54950, 6, 298, 24, NULL),
(616, 1, '2021-01-20 04:22:34', NULL, '2021-01-20 04:22:34', 64630, 9, 299, 15, NULL),
(617, 1, '2021-01-20 04:22:34', NULL, '2021-01-20 04:22:34', 15580, 15, 300, 42, NULL);

-- --------------------------------------------------------

--
-- Cấu trúc bảng cho bảng `car`
--

CREATE TABLE `car` (
  `id` bigint(20) NOT NULL,
  `active` tinyint(1) DEFAULT 1,
  `created_at` datetime DEFAULT current_timestamp(),
  `description` varchar(255) DEFAULT NULL,
  `updated_at` datetime DEFAULT current_timestamp(),
  `bought_price` float DEFAULT NULL,
  `brand` varchar(255) DEFAULT NULL,
  `from_country` varchar(255) DEFAULT NULL,
  `image` varchar(255) DEFAULT NULL,
  `manufacture_year` int(11) DEFAULT NULL,
  `name` varchar(255) DEFAULT NULL,
  `sell_price` float DEFAULT NULL,
  `type` varchar(255) DEFAULT NULL,
  `quantity` int(11) DEFAULT NULL
) ENGINE=MyISAM DEFAULT CHARSET=utf8mb4;

--
-- Đang đổ dữ liệu cho bảng `car`
--

INSERT INTO `car` (`id`, `active`, `created_at`, `description`, `updated_at`, `bought_price`, `brand`, `from_country`, `image`, `manufacture_year`, `name`, `sell_price`, `type`, `quantity`) VALUES
(1, 1, '2021-01-17 21:37:07', 'Loại động cơ: Twin Turbo Premium Unleaded W-12\r\nDung tích xi lanh: 6.0 L/363\r\nHệ thống xăng: Port/Direct Injection\r\nCông suất Mã lực @ RPM: 600 @ 5000', '2021-01-17 21:37:07', 288000, 'BENTLEY', 'CHINA', 'https://www.carcomparing.com/store/carsubmodel/8322.jpg', 2018, 'Bentley Bentayga Mulliner AWD 2018', 300725, 'Bentley Bentayga', 9),
(2, 1, '2021-01-17 21:37:07', 'Loại động cơ: Twin Turbo Premium Unleaded W-12\r\nDung tích xi lanh: 6.0 L/363\r\nHệ thống xăng: Port/Direct Injection\r\nCông suất Mã lực @ RPM: 600 @ 5000', '2021-01-17 21:37:07', 222000, 'BENTLEY', 'England', 'https://www.carcomparing.com/store/carsubmodel/8322.jpg', 2018, 'Bentley Bentayga W12 Signature AWD 2018', 231825, 'Bentley Bentayga', 10),
(3, 1, '2021-01-17 21:37:07', 'Loại động cơ: Twin Turbo Premium Unleaded W-12\r\nDung tích xi lanh: 6.0 L/363\r\nHệ thống xăng: Port/Direct Injection\r\nCông suất Mã lực @ RPM: 600 @ 5000', '2021-01-17 21:37:07', 279000, 'BENTLEY', 'England', 'https://www.carcomparing.com/store/carsubmodel/4903.jpg', 2017, '2017 Bentayga W12 First Edition AWD', 300250, 'Bentley Bentayga', 9),
(4, 1, '2021-01-17 21:37:07', 'Loại động cơ: Twin Turbo Premium Unleaded W-12\r\nDung tích xi lanh: 6.0 L/363\r\nHệ thống xăng: Port/Direct Injection\r\nCông suất Mã lực @ RPM: 600 @ 5000', '2021-01-17 21:37:07', 225125, 'BENTLEY', 'England', 'https://www.carcomparing.com/store/carsubmodel/4903.jpg', 2017, 'Bentley Bentayga W12 AWD 2017', 235000, 'Bentley Bentayga', 10),
(5, 1, '2021-01-17 21:37:07', 'Loại động cơ: Twin Turbo Premium Unleaded W-12\r\nDung tích xi lanh: 6.0 L/366\r\nHệ thống xăng: Sequential MPI\r\nCông suất Mã lực @ RPM: 582 @ 6100', '2021-01-17 21:37:07', 215000, 'BENTLEY', 'England', 'https://www.carcomparing.com/store/carsubmodel/8466.jpg', 2018, 'Bentley Continental GT Convertible 2018', 230000, 'Bentley Continental', 8),
(6, 1, '2021-01-17 21:37:07', 'Loại động cơ: Twin Turbo Premium Unleaded V-8\r\nDung tích xi lanh: 4.0 L/244\r\nHệ thống xăng: Gasoline Direct Injection\r\nCông suất Mã lực @ RPM: 500 @ 6000', '2021-01-17 21:37:07', 211000, 'BENTLEY', 'England', 'https://www.carcomparing.com/store/carsubmodel/8092.jpg', 2017, 'Bentley Continental GT V8 Convertible 2017', 220000, 'Bentley Continental', 7),
(7, 1, '2021-01-17 21:37:07', 'Loại động cơ: Twin Turbo Premium Unleaded V-8\r\nDung tích xi lanh: 4.0 L/244\r\nHệ thống xăng: Gasoline Direct Injection\r\nCông suất Mã lực @ RPM: 500 @ 6000', '2021-01-17 21:37:07', 218000, 'BENTLEY', 'England', 'https://www.carcomparing.com/store/carsubmodel/7392.jpg', 2016, 'Bentley Continental GT 2dr Conv V8 S 2016', 234500, 'Bentley Continental', 8),
(8, 1, '2021-01-17 21:37:07', 'Loại động cơ: Twin Turbo Premium Unleaded V-8\r\nDung tích xi lanh: 4.0 L/244\r\nHệ thống xăng: Gasoline Direct Injection\r\nCông suất Mã lực @ RPM: 500 @ 6000', '2021-01-17 21:37:07', 203000, 'BENTLEY', 'England', 'https://www.carcomparing.com/store/carsubmodel/5844.jpg', 2015, 'Bentley Continental GT V8 2dr Conv 2015', 215225, 'Bentley Continental', 8),
(9, 1, '2021-01-17 21:37:07', 'Loại động cơ: Twin Turbo Premium Unleaded V-8\r\nDung tích xi lanh: 4.0 L/244\r\nHệ thống xăng: Gasoline Direct Injection\r\nCông suất Mã lực @ RPM: 500 @ 6000', '2021-01-17 21:37:07', 180000, 'BENTLEY', 'England', 'https://www.carcomparing.com/store/carsubmodel/8323.jpg', 2018, 'Bentley Flying Spur V8 Sedan 2018', 181275, 'Bentley Flying', 10),
(10, 1, '2021-01-17 21:37:07', 'Loại động cơ: Twin Turbo Premium Unleaded V-8\r\nDung tích xi lanh: 4.0 L/244\r\nHệ thống xăng: Gasoline Direct Injection\r\nCông suất Mã lực @ RPM: 521 @ 6000', '2021-01-17 21:37:07', 199000, 'BENTLEY', 'England', 'https://www.carcomparing.com/store/carsubmodel/7936.jpg', 2017, '2017 Flying Spur V8 S Sedan', 207175, 'Bentley Flying', 8),
(11, 1, '2021-01-17 21:37:07', 'Loại động cơ: Gas/Electric I-4\r\nDung tích xi lanh: 2.5 L/152\r\nHệ thống xăng: Sequential MPI\r\nCông suất Mã lực @ RPM: 200 @ 5700', '2021-01-17 21:37:07', 39875, 'Lexus', 'Japan', 'https://www.carcomparing.com/store/carsubmodel/8408.jpg', 2018, 'Lexus ES 300h FWD 2018', 42815, 'Lexus ES', 9),
(12, 1, '2021-01-17 21:37:07', 'Loại động cơ: Regular Unleaded V-6\r\nDung tích xi lanh: 3.5 L/211\r\nHệ thống xăng: Sequential MPI\r\nCông suất Mã lực @ RPM: 268 @ 6200', '2021-01-17 21:37:07', 37935, 'Lexus', 'Japan', 'https://www.carcomparing.com/store/carsubmodel/8407.jpg', 2018, 'Lexus ES 350 FWD 2018', 39875, 'Lexus ES', 6),
(13, 1, '2021-01-17 21:37:07', 'Loại động cơ: Regular Unleaded V-6\r\nDung tích xi lanh: 3.5 L/211\r\nHệ thống xăng: Sequential MPI\r\nCông suất Mã lực @ RPM: 268 @ 6200', '2021-01-17 21:37:07', 37000, 'Lexus', 'Japan', 'https://www.carcomparing.com/store/carsubmodel/7862.jpg', 2017, 'Lexus ES 350 FWD 2017', 39893, 'Lexus ES', 9),
(14, 1, '2021-01-17 21:37:07', 'Loại động cơ: Gas/Electric V-6\r\nDung tích xi lanh: 3.5 L/211\r\nHệ thống xăng: Port/Direct Injection\r\nCông suất Mã lực @ RPM: 338 @ 6000', '2021-01-17 21:37:07', 48200, 'Lexus', 'Japanese', 'https://www.carcomparing.com/store/carsubmodel/8458.jpg', 2018, 'Lexus GS 350 AWD 2018', 51360, 'Lexus GS', 6),
(15, 1, '2021-01-17 21:37:07', 'Loại động cơ: Premium Unleaded V-8\r\nDung tích xi lanh: 5.0 L/303\r\nHệ thống xăng: Port/Direct Injection\r\nCông suất Mã lực @ RPM: 467 @ 7100', '2021-01-17 21:37:07', 61375, 'Lexus', 'Japanese', 'https://www.carcomparing.com/store/carsubmodel/7928.jpg', 2017, 'Lexus GS 450h RWD 2017', 64630, 'Lexus GS', 10),
(16, 1, '2021-01-17 21:37:07', 'Loại động cơ: Premium Unleaded V-8\r\nDung tích xi lanh: 5.0 L/303\r\nHệ thống xăng: Port/Direct Injection\r\nCông suất Mã lực @ RPM: 467 @ 7100', '2021-01-17 21:37:07', 44950, 'Lexus', 'Japanese', 'https://www.carcomparing.com/store/carsubmodel/7328.jpg', 2016, 'Lexus GS 200t 4dr Sdn RWD 2016', 46590, 'Lexus GS', 5),
(17, 1, '2021-01-17 21:37:07', 'Loại động cơ: Premium Unleaded V-8\r\nDung tích xi lanh: 5.0 L/303\r\nHệ thống xăng: Port/Direct Injection\r\nCông suất Mã lực @ RPM: 467 @ 7100', '2021-01-17 21:37:07', 81075, 'Lexus', 'Japanese', 'https://hips.hearstapps.com/amv-prod-cad-assets.s3.amazonaws.com/vdat/submodels/lexus_gs-f_lexus-gs-f_2019-1557512101277.jpg', 2019, 'Lexus GS F RWD 2019', 85345, 'Lexus GS F', 10),
(18, 1, '2021-01-17 21:37:07', 'Loại động cơ: Premium Unleaded V-8\r\nDung tích xi lanh: 5.0 L/303\r\nHệ thống xăng: Port/Direct Injection\r\nCông suất Mã lực @ RPM: 467 @ 7100', '2021-01-17 21:37:07', 82750, 'Lexus', 'Japanese', 'https://www.carcomparing.com/store/carsubmodel/7741.jpg', 2017, 'Lexus GS F RWD 2017', 84935, 'Lexus GS F', 5),
(19, 1, '2021-01-17 21:37:07', 'Loại động cơ: Premium Unleaded V-8\r\nDung tích xi lanh: 5.0 L/303\r\nHệ thống xăng: Port/Direct Injection\r\nCông suất Mã lực @ RPM: 467 @ 7100', '2021-01-17 21:37:07', 83150, 'Lexus', 'Japanese', 'https://www.carcomparing.com/store/carsubmodel/6831.jpg', 2016, 'Lexus GS F 4dr Sdn 2016', 86415, 'Lexus GS F', 6),
(20, 1, '2021-01-17 21:37:07', 'Loại động cơ: Intercooled Turbo Premium Unleaded H-4\r\nDung tích xi lanh:2.0 L/121\r\nHệ thống xăng: Gasoline Direct Injection\r\nCông suất Mã lực @ RPM: 300 @ 6500', '2021-01-17 21:37:07', 56475, 'Porsche', 'Germany', 'https://www.carcomparing.com/store/carsubmodel/8444.jpg', 2018, 'Porsche 718 Boxster Roadster 2018', 58455, 'Porsche 718 Boxster', 8),
(21, 1, '2021-01-17 21:37:07', 'Loại động cơ: Intercooled Turbo Premium Unleaded H-4\r\nDung tích xi lanh:2.0 L/121\r\nHệ thống xăng: Gasoline Direct Injection\r\nCông suất Mã lực @ RPM: 300 @ 6500', '2021-01-17 21:37:07', 55195, 'Porsche', 'Germany', 'https://www.carcomparing.com/store/carsubmodel/7025.jpg', 2017, 'Porsche 718 Boxster Roadster 2017', 57050, 'Porsche 718 Boxster', 7),
(22, 1, '2021-01-17 21:37:07', 'Loại động cơ: Intercooled Turbo Premium Unleaded H-6\r\nDung tích xi lanh:2.0 L/210\r\nHệ thống xăng: Gasoline Direct Injection\r\nCông suất Mã lực @ RPM: 315 @ 6700', '2021-01-17 21:37:07', 61750, 'Porsche', 'Germany', 'https://www.carcomparing.com/store/carsubmodel/6967.jpg', 2016, 'Porsche Boxster 2dr Roadster S 2016', 64950, 'Porsche 718 Boxster', 5),
(23, 1, '2021-01-17 21:37:07', 'Loại động cơ: Intercooled Turbo Premium Unleaded H-6\r\nDung tích xi lanh:2.0 L/210\r\nHệ thống xăng: Gasoline Direct Injection\r\nCông suất Mã lực @ RPM: 315 @ 6700', '2021-01-17 21:37:07', 55105, 'Porsche', 'Germany', 'https://www.carcomparing.com/store/carsubmodel/8445.jpg', 2018, 'Porsche 718 Cayman Coupe 2018', 56985, 'Porsche 718 Cayman', 8),
(24, 1, '2021-01-17 21:37:07', 'Loại động cơ: Intercooled Turbo Premium Unleaded H-4\r\nDung tích xi lanh: 2.0 L/121\r\nHệ thống xăng: Gasoline Direct Injection\r\nCông suất Mã lực @ RPM: 300 @ 6500', '2021-01-17 21:37:07', 53045, 'Porsche', 'Germany', 'https://www.carcomparing.com/store/carsubmodel/7026.jpg', 2017, 'Porsche 718 Cayman Coupe 2017', 54950, 'Porsche 718 Cayman', 7),
(25, 1, '2021-01-17 21:37:07', 'Loại động cơ:Premium Unleaded H-6\r\nDung tích xi lanh: 3.4 L/210\r\nHệ thống xăng: Gasoline Direct Injection\r\nCông suất Mã lực @ RPM: 325 @ 7400', '2021-01-17 21:37:07', 63105, 'Porsche', 'Germany', 'https://www.carcomparing.com/store/carsubmodel/6843.jpg', 2016, 'Porsche Cayman 2dr Cpe S 2016', 66750, 'Porsche 718 Cayman', 8),
(26, 1, '2021-01-17 21:37:07', 'Loại động cơ:Twin Turbo Premium Unleaded H-6\r\nDung tích xi lanh: 3.4 L/180\r\nHệ thống xăng: Gasoline Direct Injection\r\nCông suất Mã lực @ RPM: 370 @ 6500', '2021-01-17 21:37:07', 101735, 'Porsche', 'Germany', 'https://hips.hearstapps.com/amv-prod-cad-assets.s3.amazonaws.com/vdat/submodels/porsche_911_porsche-911-carrera-cabriolet_2019-1546889806883.jpg', 2019, 'Porsche 911 Carrera 4 Cabriolet 2019', 111375, 'Porsche 911', 7),
(27, 1, '2021-01-17 21:37:07', 'Loại động cơ:Twin Turbo Premium Unleaded H-6\r\nDung tích xi lanh: 3.4 L/182\r\nHệ thống xăng: Gasoline Direct Injection\r\nCông suất Mã lực @ RPM: 450 @ 6500', '2021-01-17 21:37:07', 131075, 'Porsche', 'Germany', 'https://www.carcomparing.com/store/carsubmodel/8447.jpg', 2018, 'Porsche 911 Carrera 4 GTS Cabriolet 2018', 142300, 'Porsche 912', 9),
(28, 1, '2021-01-17 21:37:07', 'Loại động cơ:Twin Turbo Premium Unleaded H-6\r\nDung tích xi lanh: 3.4 L/182\r\nHệ thống xăng: Gasoline Direct Injection\r\nCông suất Mã lực @ RPM: 450 @ 6500', '2021-01-17 21:37:07', 110375, 'Porsche', 'Germany', 'https://www.carcomparing.com/store/carsubmodel/8446.jpg', 2018, 'Porsche 911 Carrera 4 GTS Coupe 2018', 128650, 'Porsche 913', 6),
(29, 1, '2021-01-17 21:37:07', 'Loại động cơ:Intercooled Supercharger Premium Unleaded V-6\r\nDung tích xi lanh: 3.0 L/183\r\nHệ thống xăng: Gasoline Direct Injection\r\nCông suất Mã lực @ RPM: 340 @ 6500', '2021-01-17 21:37:07', 54375, 'Land Rover', 'England', 'https://www.carcomparing.com/store/carsubmodel/8610.jpg', 2018, 'Land Rover Discovery HSE V6 Supercharged 2018', 59070, 'Land rover Discovery', 7),
(30, 1, '2021-01-17 21:37:07', 'Loại động cơ:Intercooled Supercharger Premium Unleaded V-6\r\nDung tích xi lanh: 3.0 L/183\r\nHệ thống xăng: Gasoline Direct Injection\r\nCông suất Mã lực @ RPM: 340 @ 6500', '2021-01-17 21:37:07', 59000, 'Land Rover', 'England', 'https://www.carcomparing.com/store/carsubmodel/7968.jpg', 2017, 'Land Rover Discovery HSE Luxury V6 Supercharged 2017', 64375, 'Land rover Discovery', 9),
(31, 1, '2021-01-17 21:37:07', 'Loại động cơ:Twin Turbo Premium Unleaded H-6\r\nDung tích xi lanh: 3.4 L/183\r\nHệ thống xăng: Gasoline Direct Injection\r\nCông suất Mã lực @ RPM: 450 @ 6500', '2021-01-17 21:37:07', 45075, 'Land Rover', 'England', 'https://www.carcomparing.com/store/carsubmodel/7968.jpg', 2017, 'Land Rover Discovery SE V6 Supercharged 2017', 51370, 'Land rover Discovery', 8),
(32, 1, '2021-01-17 21:37:07', 'Loại động cơ: Intercooled Turbo Premium Unleaded I-4\r\nDung tích xi lanh: 2.0 L/122\r\nHệ thống xăng: Gasoline Direct Injection\r\nCông suất Mã lực @ RPM: 237 @ 5500', '2021-01-17 21:37:07', 36500, 'Land Rover', 'England', 'https://www.carcomparing.com/store/carsubmodel/8611.jpg', 2018, 'Land Rover Discovery HSE V6 Supercharged 2018', 39750, 'Land rover Discovery Sport', 8),
(33, 1, '2021-01-17 21:37:07', 'Loại động cơ: Intercooled Turbo Premium Unleaded I-4\r\nDung tích xi lanh: 2.0 L/122\r\nHệ thống xăng: Gasoline Direct Injection\r\nCông suất Mã lực @ RPM: 240 @ 5800', '2021-01-17 21:37:07', 40000, 'Land Rover', 'England', 'https://www.carcomparing.com/store/carsubmodel/7684.jpg', 2017, 'Land Rover Discovery Sport HSE 4WD 2017', 44750, 'Land rover Discovery Sport', 6),
(34, 1, '2021-01-17 21:37:07', 'Loại động cơ: Intercooled Turbo Premium Unleaded I-4\r\nDung tích xi lanh: 2.0 L/122\r\nHệ thống xăng: Gasoline Direct Injection\r\nCông suất Mã lực @ RPM: 240 @ 5800', '2021-01-17 21:37:07', 40100, 'Land Rover', 'England', 'https://www.carcomparing.com/store/carsubmodel/7260.jpg', 2016, 'Land Rover Discovery Sport AWD 4dr HSE LUX 2016', 45120, 'Land rover Discovery Sport', 7),
(35, 1, '2021-01-17 21:37:07', 'Loại động cơ: Intercooled Turbo Premium Unleaded I-4\r\nDung tích xi lanh: 2.0 L/122\r\nHệ thống xăng: Gasoline Direct Injection\r\nCông suất Mã lực @ RPM: 237 @ 5500', '2021-01-17 21:37:07', 38200, 'Land Rover', 'England', 'https://www.carcomparing.com/store/carsubmodel/8607.jpg', 2018, 'Land Rover Range Rover Evoque 5 Door SE 2018', 42875, 'Land rover Range Rover Evoque', 5),
(36, 1, '2021-01-17 21:37:07', 'Loại động cơ: Intercooled Turbo Premium Unleaded I-4\r\nDung tích xi lanh: 2.0 L/122\r\nHệ thống xăng: Gasoline Direct Injection\r\nCông suất Mã lực @ RPM: 240 @ 5500', '2021-01-17 21:37:07', 41050, 'Land Rover', 'England', 'https://www.carcomparing.com/store/carsubmodel/7830.jpg', 2017, 'Land Rover Range Rover Evoque Coupe SE Premium 2017', 46000, 'Land rover Range Rover Evoque', 8),
(37, 1, '2021-01-17 21:37:07', 'Loại động cơ: Intercooled Turbo Premium Unleaded I-4\r\nDung tích xi lanh: 2.0 L/122\r\nHệ thống xăng: Gasoline Direct Injection\r\nCông suất Mã lực @ RPM: 240 @ 5500', '2021-01-17 21:37:07', 46050, 'Land Rover', 'England', 'https://www.carcomparing.com/store/carsubmodel/7816.jpg', 2017, 'Land Rover Range Rover Evoque 5 Door HSE 2017', 51120, 'Land rover Range Rover Evoque', 6),
(38, 1, '2021-01-17 21:37:07', 'Loại động cơ: Intercooled Turbo Premium Unleaded I-4\r\nDung tích xi lanh: 1.5 L/91\r\nHệ thống xăng: Gasoline Direct Injection\r\nCông suất Mã lực @ RPM: 152 @ 5500', '2021-01-17 21:37:07', 22375, 'Mitsubishi', 'Japan', 'https://www.carcomparing.com/store/carsubmodel/8113.jpg', 2018, 'Mitsubishi Eclipse Cross ES FWD 2018', 24250, 'Mitsubishi Eclipse Cross', 10),
(39, 1, '2021-01-17 21:37:07', 'Loại động cơ: Intercooled Turbo Premium Unleaded I-4\r\nDung tích xi lanh: 1.5 L/91\r\nHệ thống xăng: Gasoline Direct Injection\r\nCông suất Mã lực @ RPM: 152 @ 5500', '2021-01-17 21:37:07', 21750, 'Mitsubishi', 'Japan', 'https://hips.hearstapps.com/amv-prod-cad-assets.s3.amazonaws.com/vdat/submodels/mitsubishi_eclipse-cross_mitsubishi-eclipse-cross_2019-1546640915537.jpg', 2019, 'Mitsubishi Eclipse Cross ES FWD 2019', 24755, 'Mitsubishi Eclipse Cross', 12),
(40, 1, '2021-01-17 21:37:07', 'Loại động cơ: Intercooled Turbo Premium Unleaded I-4\r\nDung tích xi lanh: 1.5 L/91\r\nHệ thống xăng: Gasoline Direct Injection\r\nCông suất Mã lực @ RPM: 152 @ 5500', '2021-01-17 21:37:07', 21700, 'Mitsubishi', 'Japan', 'https://www.carcomparing.com/store/carsubmodel/8113.jpg', 2020, 'Mitsubishi Eclipse Cross ES FWD 2020', 23750, 'Mitsubishi Eclipse Cross', 15),
(41, 1, '2021-01-17 21:37:07', 'Loại động cơ:Regular Unleaded I-3\r\nDung tích xi lanh: 1.2 L/73\r\nHệ thống xăng: MPI\r\nCông suất Mã lực @ RPM: 78 @ 6000', '2021-01-17 21:37:07', 13100, 'Mitsubishi', 'Japan', 'https://www.carcomparing.com/store/carsubmodel/8456.jpg', 2018, 'Mitsubishi Mirage ES Manual 2018', 14750, 'Mitsubishi Mirage', 17),
(42, 1, '2021-01-17 21:37:07', 'Loại động cơ:Regular Unleaded I-3\r\nDung tích xi lanh: 1.2 L/73\r\nHệ thống xăng: MPI\r\nCông suất Mã lực @ RPM: 78 @ 6000', '2021-01-17 21:37:07', 14000, 'Mitsubishi', 'Japan', 'https://www.carcomparing.com/store/carsubmodel/7481.jpg', 2017, 'Mitsubishi Mirage SE Manual 2017', 15580, 'Mitsubishi Mirage', 16),
(43, 1, '2021-01-17 21:37:07', 'Loại động cơ:Regular Unleaded I-3\r\nDung tích xi lanh: 1.2 L/73\r\nHệ thống xăng: MPI\r\nCông suất Mã lực @ RPM: 74 @ 6000', '2021-01-17 21:37:07', 13500, 'Mitsubishi', 'Japan', 'https://www.carcomparing.com/store/carsubmodel/6460.jpg', 2015, 'Mitsubishi Mirage CVT DE 2015', 14950, 'Mitsubishi Mirage', 12),
(44, 1, '2021-01-17 21:37:07', 'Loại động cơ:Regular Unleaded I-3\r\nDung tích xi lanh: 1.2 L/73\r\nHệ thống xăng: MPI\r\nCông suất Mã lực @ RPM: 78 @ 6000', '2021-01-17 21:37:07', 13285, 'Mitsubishi', 'Japan', 'https://www.carcomparing.com/store/carsubmodel/8457.jpg', 2018, 'Mitsubishi Mirage G4 ES Manual 2018', 15035, 'Mitsubishi Mirage G4', 14),
(45, 1, '2021-01-17 21:37:07', 'Loại động cơ:Regular Unleaded I-3\r\nDung tích xi lanh: 1.2 L/73\r\nHệ thống xăng: MPI\r\nCông suất Mã lực @ RPM: 78 @ 6000', '2021-01-17 21:37:07', 14000, 'Mitsubishi', 'Japan', 'https://www.carcomparing.com/store/carsubmodel/7634.jpg', 2017, 'Mitsubishi Mirage G4 ES CVT 2017', 16350, 'Mitsubishi Mirage G4', 16),
(46, 1, '2021-01-17 21:37:07', 'Loại động cơ:Regular Unleaded I-3\r\nDung tích xi lanh: 1.2 L/73\r\nHệ thống xăng: MPI\r\nCông suất Mã lực @ RPM: 78 @ 6000', '2021-01-17 21:37:07', 15085, 'Mitsubishi', 'Japan', 'https://hips.hearstapps.com/amv-prod-cad-assets.s3.amazonaws.com/vdat/submodels/mitsubishi_mirage-g4_mitsubishi-mirage-g4_2019-1557436983535.jpg', 2019, 'Mitsubishi Mirage G4 ES CVT 2019', 16985, 'Mitsubishi Mirage G4', 15);

-- --------------------------------------------------------

--
-- Cấu trúc bảng cho bảng `coupon`
--

CREATE TABLE `coupon` (
  `id` bigint(20) NOT NULL,
  `active` tinyint(1) DEFAULT 1,
  `created_at` datetime DEFAULT current_timestamp(),
  `description` varchar(255) DEFAULT NULL,
  `updated_at` datetime DEFAULT current_timestamp(),
  `reduce` double DEFAULT NULL,
  `unit` varchar(255) DEFAULT NULL
) ENGINE=MyISAM DEFAULT CHARSET=utf8mb4;

-- --------------------------------------------------------

--
-- Cấu trúc bảng cho bảng `user_info`
--

CREATE TABLE `user_info` (
  `id` bigint(20) NOT NULL,
  `active` tinyint(1) DEFAULT 1,
  `created_at` datetime DEFAULT current_timestamp(),
  `description` varchar(255) DEFAULT NULL,
  `updated_at` datetime DEFAULT current_timestamp(),
  `address` varchar(255) DEFAULT NULL,
  `dob` datetime DEFAULT NULL,
  `gender` varchar(255) DEFAULT NULL,
  `name` varchar(255) DEFAULT NULL,
  `phone` varchar(255) DEFAULT NULL,
  `email` varchar(255) DEFAULT NULL
) ENGINE=MyISAM DEFAULT CHARSET=utf8mb4;

--
-- Đang đổ dữ liệu cho bảng `user_info`
--

INSERT INTO `user_info` (`id`, `active`, `created_at`, `description`, `updated_at`, `address`, `dob`, `gender`, `name`, `phone`, `email`) VALUES
(1, 1, '2021-01-17 20:57:18', NULL, '2021-01-17 20:57:18', '3402  Burdett Avenue, Terrace, British Columbia, Canada', '1972-05-12 00:00:00', '1', 'Gwen Hilpert', '575-642-8469', 'Verlie.Parisian31@yahoo.com'),
(2, 1, '2021-01-17 20:57:18', NULL, '2021-01-17 20:57:18', '2453  Lynden Road, Wainfleet, Ontario, Canada', '1973-07-20 00:00:00', '1', 'Jasmine Murazik', '857.979.1282 x965', 'Lauren73@gmail.com'),
(3, 1, '2021-01-17 20:57:18', NULL, '2021-01-17 20:57:18', '4384  Yonge Street, Toronto, Ontario, Canada', '1972-09-21 00:00:00', '1', 'Miss Max Heidenreich', '(747) 640-6720 x09985', 'Stephania.Feest30@hotmail.com'),
(4, 1, '2021-01-17 20:57:18', NULL, '2021-01-17 20:57:18', '4566  MacLaren Street, Ottawa, Ontario, Canada', '1980-05-20 00:00:00', '0', 'Charlie Reichert', '676.342.9755', 'Madaline37@hotmail.com'),
(5, 1, '2021-01-17 20:57:18', NULL, '2021-01-17 20:57:18', '3875  Main St, Kindersley, Saskatchewan, Canada', '1979-10-11 00:00:00', '1', 'William Skiles', '(852) 211-1251', 'Anais.Buckridge88@hotmail.com'),
(6, 1, '2021-01-17 20:57:18', NULL, '2021-01-17 20:57:18', '633  Ross Terrasse, Sackville, New Brunswick, Canada', '1975-02-11 00:00:00', '0', 'Ms. Brenda Koch', '629.808.7491 x5547', 'Rhoda44@yahoo.com'),
(7, 1, '2021-01-17 20:57:18', NULL, '2021-01-17 20:57:18', '3766  Tycos Dr, Toronto, Ontario, Canada', '1988-05-30 00:00:00', '0', 'Lola Flatley', '413.689.5440', 'Alia.Rempel@hotmail.com'),
(8, 1, '2021-01-17 20:57:18', NULL, '2021-01-17 20:57:18', '2246  Rogers Road, Toronto, Ontario, Canada', '1981-05-19 00:00:00', '0', 'Andy Lowe', '365.257.8271 x121', 'Darrion_Hansen42@gmail.com'),
(9, 1, '2021-01-17 20:57:18', NULL, '2021-01-17 20:57:18', '3931  Camp Road, Oyster Bed, Prince Edward Island, Canada', '1987-01-14 00:00:00', '1', 'Stewart Paucek', '(213) 330-2710', 'Ettie46@hotmail.com'),
(10, 1, '2021-01-17 20:57:18', NULL, '2021-01-17 20:57:18', '4622  Carling Avenue, Ottawa, Ontario, Canada', '1982-03-21 00:00:00', '1', 'Clint Bernier', '1-466-645-9377', 'Demond13@hotmail.com'),
(11, 1, '2021-01-17 20:57:18', NULL, '2021-01-17 20:57:18', '3995  Wallbridge Loyalist Rd, Belleville, Ontario, Canada', '1988-06-06 00:00:00', '0', 'Roosevelt Durgan', '1-261-609-7363', 'Bernadette_Kozey13@hotmail.com'),
(12, 1, '2021-01-17 20:57:18', NULL, '2021-01-17 20:57:18', '1225  Hastings Street, Vancouver, British Columbia, Canada', '1980-05-30 00:00:00', '1', 'Curtis Becker', '1-556-227-6671 x5098', 'Garnet.Hamill59@yahoo.com'),
(13, 1, '2021-01-17 20:57:18', NULL, '2021-01-17 20:57:18', '1588  Blanshard, Victoria, British Columbia, Canada', '1972-05-24 00:00:00', '1', 'Tommy Grant', '433.669.6007 x7614', 'Norma12@yahoo.com'),
(14, 1, '2021-01-17 20:57:18', NULL, '2021-01-17 20:57:18', '2780  Brew Creek Rd, Squamish, British Columbia, Canada', '1991-01-20 00:00:00', '0', 'Sherry Dibbert Sr.', '1-672-924-1499 x034', 'Hubert_Kozey31@gmail.com'),
(15, 1, '2021-01-17 20:57:18', NULL, '2021-01-17 20:57:18', '2734  Kinchant St, Chilako River, British Columbia, Canada', '1992-07-22 00:00:00', '0', 'Lyle Russel', '988.582.8571 x50547', 'Domingo_Trantow97@hotmail.com');

--
-- Chỉ mục cho các bảng đã đổ
--

--
-- Chỉ mục cho bảng `account`
--
ALTER TABLE `account`
  ADD PRIMARY KEY (`id`);

--
-- Chỉ mục cho bảng `bill`
--
ALTER TABLE `bill`
  ADD PRIMARY KEY (`id`);

--
-- Chỉ mục cho bảng `bill_detail`
--
ALTER TABLE `bill_detail`
  ADD PRIMARY KEY (`id`),
  ADD KEY `FKeolgwyayei3o80bb7rj7t207q` (`bill_id`),
  ADD KEY `FKrsdul8wf8ihfm4y1y41uyhfod` (`car_id`),
  ADD KEY `FKk8kiw10spbe9mvf7reobyf4qy` (`coupon_id`);

--
-- Chỉ mục cho bảng `car`
--
ALTER TABLE `car`
  ADD PRIMARY KEY (`id`);

--
-- Chỉ mục cho bảng `coupon`
--
ALTER TABLE `coupon`
  ADD PRIMARY KEY (`id`);

--
-- Chỉ mục cho bảng `user_info`
--
ALTER TABLE `user_info`
  ADD PRIMARY KEY (`id`);

--
-- AUTO_INCREMENT cho các bảng đã đổ
--

--
-- AUTO_INCREMENT cho bảng `account`
--
ALTER TABLE `account`
  MODIFY `id` bigint(20) NOT NULL AUTO_INCREMENT, AUTO_INCREMENT=6;

--
-- AUTO_INCREMENT cho bảng `bill`
--
ALTER TABLE `bill`
  MODIFY `id` bigint(20) NOT NULL AUTO_INCREMENT, AUTO_INCREMENT=301;

--
-- AUTO_INCREMENT cho bảng `bill_detail`
--
ALTER TABLE `bill_detail`
  MODIFY `id` bigint(20) NOT NULL AUTO_INCREMENT, AUTO_INCREMENT=618;

--
-- AUTO_INCREMENT cho bảng `car`
--
ALTER TABLE `car`
  MODIFY `id` bigint(20) NOT NULL AUTO_INCREMENT, AUTO_INCREMENT=47;

--
-- AUTO_INCREMENT cho bảng `coupon`
--
ALTER TABLE `coupon`
  MODIFY `id` bigint(20) NOT NULL AUTO_INCREMENT;

--
-- AUTO_INCREMENT cho bảng `user_info`
--
ALTER TABLE `user_info`
  MODIFY `id` bigint(20) NOT NULL AUTO_INCREMENT, AUTO_INCREMENT=16;
COMMIT;

/*!40101 SET CHARACTER_SET_CLIENT=@OLD_CHARACTER_SET_CLIENT */;
/*!40101 SET CHARACTER_SET_RESULTS=@OLD_CHARACTER_SET_RESULTS */;
/*!40101 SET COLLATION_CONNECTION=@OLD_COLLATION_CONNECTION */;
